Fila PDF,ID,Nombre español,Nombre original,Alternativos originales,Punto personal,Significador,Disparador,Fórmula diurna propuesta,Fórmula nocturna propuesta,Reverse Nocturnal literal,Fuente primaria,Fuentes secundarias,Categorías originales,Dub.,Mult.,Variantes manuscritas,Estado,Advertencias
1,lusby-traditional-0001,Acusación (Firmicus),Accusation (Firmicus),,Asc,Saturn,Mars,normalizar360(Asc + Saturn − Mars),normalizar360(Asc + Saturn − Mars),,FM,,Hellenistic,,,,pending_review,
2,lusby-traditional-0002,Actividad (Olympiodorus 1),Activity (Olympiodorus 1),,Asc,Venus,Jupiter,normalizar360(Asc + Venus − Jupiter),normalizar360(Asc + Jupiter − Venus),reverse,O1,,Hellenistic,Sí,,1A,dubious,Dub.: fórmula dudosa o fuentes conflictivas según la compilación; desactivada por defecto.
3,lusby-traditional-0003,Actividad (Olympiodorus 2),Activity (Olympiodorus 2),,Asc,Jupiter,Sun,normalizar360(Asc + Jupiter − Sun),normalizar360(Asc + Sun − Jupiter),reverse,O2,"MSR, MSP, MSV",Hellenistic,,,,pending_review,
4,lusby-traditional-0004,Actividad (Rhetorius),Activity (Rhetorius),"Work; Mastery; Managers, Viziers & Authorities",Asc,Mars,Mercury,normalizar360(Asc + Mars − Mercury),normalizar360(Asc + Mercury − Mars),reverse,RE,"MSL, BA, SB, GI","Hellenistic, Medieval",,,,pending_review,El PDF muestra ⓘ pero no contiene el texto emergente ni anotaciones con su contenido. No se reconstruyó la nota web.
5,lusby-traditional-0005,Adulterio 1,Adultery 1,,Asc,Mars,Venus,normalizar360(Asc + Mars − Venus),normalizar360(Asc + Venus − Mars),reverse,O1,,Hellenistic,,,,pending_review,
6,lusby-traditional-0006,Adulterio 2,Adultery 2,,Asc,Venus,Mars,normalizar360(Asc + Venus − Mars),normalizar360(Asc + Mars − Venus),reverse,MSP,MSV,Hellenistic,,,,pending_review,
7,lusby-traditional-0007,Agricultura,Agriculture,,Asc,Saturn,Venus,normalizar360(Asc + Saturn − Venus),normalizar360(Asc + Saturn − Venus),,GI,Q,Medieval,,,,pending_review,
8,lusby-traditional-0008,Aire y viento,Air and Wind,Rain,Asc,Ruler Mercury,Mercury,normalizar360(Asc + Ruler Mercury − Mercury),normalizar360(Asc + Ruler Mercury − Mercury),,UT,"B, R","Medieval, Weather",,,,pending_review,El PDF muestra ⓘ pero no contiene el texto emergente ni anotaciones con su contenido. No se reconstruyó la nota web.
9,lusby-traditional-0009,Aire y viento (Mercurio en Virgo),Air and Wind (Mercury in Virgo),Rain,Asc,Mercury,0 Virgo,Pendiente/no aplicable: ver reglas,Pendiente/no aplicable: ver reglas,,UT,,"Medieval, Weather",,,,conditional,El PDF muestra ⓘ pero no contiene el texto emergente ni anotaciones con su contenido. No se reconstruyó la nota web. | Condición indicada en el nombre; conservar y revisar por separado de la columna nocturna.
10,lusby-traditional-0010,Aire y viento (Mercurio en Géminis),Air and Wind (Mercury in Gemini),Rain,Asc,Mercury,0 Gemini,Pendiente/no aplicable: ver reglas,Pendiente/no aplicable: ver reglas,,UT,,"Medieval, Weather",,,,conditional,El PDF muestra ⓘ pero no contiene el texto emergente ni anotaciones con su contenido. No se reconstruyó la nota web. | Condición indicada en el nombre; conservar y revisar por separado de la columna nocturna.
11,lusby-traditional-0011,Animales,Animals,,Asc,12th,Ruler 12th,normalizar360(Asc + 12th − Ruler 12th),normalizar360(Asc + 12th − Ruler 12th),,JZ,,Medieval,,,,pending_review,
12,lusby-traditional-0012,Albaricoques,Apricots,,Asc,Mars,Saturn,normalizar360(Asc + Mars − Saturn),normalizar360(Asc + Saturn − Mars),reverse,B,,"Medieval, Commodity",,,,pending_review,
13,lusby-traditional-0013,Asociación 1,Association 1,,Asc,Venus,Mercury,normalizar360(Asc + Venus − Mercury),normalizar360(Asc + Mercury − Venus),reverse,O1,"MSP, MSV",Hellenistic,,,,pending_review,
14,lusby-traditional-0014,Asociación 2,Association 2,,Asc,Venus,Jupiter,normalizar360(Asc + Venus − Jupiter),normalizar360(Asc + Jupiter − Venus),reverse,O2,,Hellenistic,,,,pending_review,
15,lusby-traditional-0015,Asociación 3,Association 3,,Asc,Jupiter,Mercury,normalizar360(Asc + Jupiter − Mercury),normalizar360(Asc + Mercury − Jupiter),reverse,O2,,Hellenistic,,,,pending_review,
16,lusby-traditional-0016,Autoridad,Authority,,Asc,Sun,Mars,normalizar360(Asc + Sun − Mars),normalizar360(Asc + Mars − Sun),reverse,O1,MSP,Hellenistic,,,,pending_review,
17,lusby-traditional-0017,Autoridad y trabajo,Authority & Work,,Asc,Moon,Saturn,normalizar360(Asc + Moon − Saturn),normalizar360(Asc + Saturn − Moon),reverse,SB,"GI, Q, R",Medieval,,,,pending_review,
18,lusby-traditional-0018,"Autoridad, auxilio y conquista","Authority, Aid & Conquering",,Asc,Saturn,Sun,normalizar360(Asc + Saturn − Sun),normalizar360(Asc + Sun − Saturn),reverse,SB,"GI, RD, Q, R","Medieval, Mundane",,,,pending_review,
19,lusby-traditional-0019,"Autoridad, auxilio y conquista (variante)","Authority, Aid & Conquering (Alt)",,Asc,Jupiter,Sun,normalizar360(Asc + Jupiter − Sun),normalizar360(Asc + Sun − Jupiter),reverse,GI,R,Medieval,,,,pending_review,El PDF muestra ⓘ pero no contiene el texto emergente ni anotaciones con su contenido. No se reconstruyó la nota web.
20,lusby-traditional-0020,Cebada,Barley,,Asc,Jupiter,Moon,Pendiente/no aplicable: ver reglas,Pendiente/no aplicable: ver reglas,reverse (B),Q,"B, BW, GB","Medieval, Commodity",,,,conditional,Regla nocturna especial: reverse (B). Requiere seleccionar y validar su alcance antes de producir una fórmula operativa.
21,lusby-traditional-0021,Base (Firmicus),Basis (Firmicus),,Asc,Fortune,Spirit,normalizar360(Asc + Fortune − Spirit),normalizar360(Asc + Spirit − Fortune),reverse,FM,,Hellenistic,,,,pending_review,
22,lusby-traditional-0022,Base (Valens),Basis (Valens),"Foundation, Firmness, Survival, Support of Ascendant",Asc,Spirit,Fortune,Pendiente/no aplicable: ver reglas,Pendiente/no aplicable: ver reglas,"reverse (MSL, MSP, MSV, GI, Q, R), always below horizon (VV)",VV,"O1, MSL, MSP, MSV, GI, Q, R","Hellenistic, Medieval",,,"1L, 1B",conditional,"El PDF muestra ⓘ pero no contiene el texto emergente ni anotaciones con su contenido. No se reconstruyó la nota web. | Regla nocturna especial: reverse (MSL, MSP, MSV, GI, Q, R), always below horizon (VV). Requiere seleccionar y validar su alcance antes de producir una fórmula operativa."
23,lusby-traditional-0023,Base 2,Basis 2,Foundation,Asc,Mercury,Venus,normalizar360(Asc + Mercury − Venus),normalizar360(Asc + Venus − Mercury),reverse,O1,,Hellenistic,,,"1A, 1B",pending_review,El PDF muestra ⓘ pero no contiene el texto emergente ni anotaciones con su contenido. No se reconstruyó la nota web.
24,lusby-traditional-0024,Batalla,Battle,,Sun,Moon,Mars,normalizar360(Sun + Moon − Mars),normalizar360(Sun + Moon − Mars),,RD,R,"Medieval, Mundane",,,,pending_review,
25,lusby-traditional-0025,Habas,Beans,Egyptian Beans,Asc,Mars,Saturn,Pendiente/no aplicable: ver reglas,Pendiente/no aplicable: ver reglas,reverse (B),Q,"B, BW, GB","Medieval, Commodity",,,,conditional,El PDF muestra ⓘ pero no contiene el texto emergente ni anotaciones con su contenido. No se reconstruyó la nota web. | Regla nocturna especial: reverse (B). Requiere seleccionar y validar su alcance antes de producir una fórmula operativa.
26,lusby-traditional-0026,Estancia en tierra extranjera,Being in a Foreign Land,,Asc,Mars,Saturn,normalizar360(Asc + Mars − Saturn),normalizar360(Asc + Mars − Saturn),,VV,,Hellenistic,,,,pending_review,
27,lusby-traditional-0027,Ser conocido y respetado entre la gente,Being Known Among People & Respected,,Asc,Sun,Fortune,normalizar360(Asc + Sun − Fortune),normalizar360(Asc + Fortune − Sun),reverse,GI,,Medieval,,,,pending_review,
28,lusby-traditional-0028,Nacimiento/embarazo,Birth/Pregnancy,,Asc,Ruler 5th,5th,normalizar360(Asc + Ruler 5th − 5th),normalizar360(Asc + Ruler 5th − 5th),,UT,B,"Medieval, Horary",,,,pending_review,
29,lusby-traditional-0029,Alimentos amargos,Bitter Foods,,Asc,Saturn,Mercury,Pendiente/no aplicable: ver reglas,Pendiente/no aplicable: ver reglas,reverse (B),Q,"B, BW, GB","Medieval, Commodity",,,,conditional,Regla nocturna especial: reverse (B). Requiere seleccionar y validar su alcance antes de producir una fórmula operativa.
30,lusby-traditional-0030,Purgantes amargos (al-Bīrūnī),Bitter Purgatives (al-Bīrūnī),,Asc,Mars,Saturn,normalizar360(Asc + Mars − Saturn),normalizar360(Asc + Saturn − Mars),reverse,B,,"Medieval, Commodity",Sí,,,dubious,Dub.: fórmula dudosa o fuentes conflictivas según la compilación; desactivada por defecto.
31,lusby-traditional-0031,Joven amante de un hombre,Boy-Lover of a Man,,Asc,Jupiter,Venus,normalizar360(Asc + Jupiter − Venus),normalizar360(Asc + Venus − Jupiter),reverse,MSL,"MSP, MSV",Hellenistic,,,,pending_review,
32,lusby-traditional-0032,Sepultura,Burial,,Asc,Saturn,Moon,normalizar360(Asc + Saturn − Moon),normalizar360(Asc + Moon − Saturn),reverse,O2,,Hellenistic,,,,pending_review,
33,lusby-traditional-0033,Negocios A,Business A,,Asc,Mars,Jupiter,normalizar360(Asc + Mars − Jupiter),normalizar360(Asc + Jupiter − Mars),reverse,O1,,Hellenistic,Sí,,1A,dubious,Dub.: fórmula dudosa o fuentes conflictivas según la compilación; desactivada por defecto.
34,lusby-traditional-0034,Negocios B,Business B,,Asc,Saturn,Jupiter,normalizar360(Asc + Saturn − Jupiter),normalizar360(Asc + Jupiter − Saturn),reverse,O1,"MSP, MSV",Hellenistic,,Sí,1B,multiple_sources,Mult.: confirmada en múltiples fuentes según la compilación; no equivale a una comprobación nueva de los textos originales.
35,lusby-traditional-0035,"Negocios, compra y venta","Business, Buying & Selling",,Asc,Fortune,Spirit,normalizar360(Asc + Fortune − Spirit),normalizar360(Asc + Spirit − Fortune),reverse,GI,,Medieval,,,,pending_review,
36,lusby-traditional-0036,Mantequilla,Butter,,Asc,Venus,Sun,normalizar360(Asc + Venus − Sun),normalizar360(Asc + Venus − Sun),,BW,,"Medieval, Commodity",,,,pending_review,
37,lusby-traditional-0037,Garbanzos,Chick-peas,Peas,Asc,Sun,Venus,Pendiente/no aplicable: ver reglas,Pendiente/no aplicable: ver reglas,reverse (B),Q,"B, BW, GB","Medieval, Commodity",,,,conditional,El PDF muestra ⓘ pero no contiene el texto emergente ni anotaciones con su contenido. No se reconstruyó la nota web. | Regla nocturna especial: reverse (B). Requiere seleccionar y validar su alcance antes de producir una fórmula operativa.
38,lusby-traditional-0038,Hijos,Children,,Asc,Saturn,Jupiter,Pendiente/no aplicable: ver reglas,Pendiente/no aplicable: ver reglas,"reverse (GI, Q, R)",DS,"PA, O2, MSL, MSP, MSV, BA, TE, SB, GI, Q, R","Hellenistic, Medieval",,,,conditional,"Regla nocturna especial: reverse (GI, Q, R). Requiere seleccionar y validar su alcance antes de producir una fórmula operativa."
39,lusby-traditional-0039,Hijos (Firmicus),Children (Firmicus),,Asc,Venus,Mercury,Pendiente/no aplicable: ver reglas,Pendiente/no aplicable: ver reglas,always below horizon,FM,,Hellenistic,,,,conditional,Regla nocturna especial: always below horizon. Requiere seleccionar y validar su alcance antes de producir una fórmula operativa.
40,lusby-traditional-0040,Hijos (Firmicus; variante),Children (Firmicus)(Alt),,Asc,Mercury,Jupiter,normalizar360(Asc + Mercury − Jupiter),normalizar360(Asc + Jupiter − Mercury),reverse,FM,,Hellenistic,,,,pending_review,El PDF muestra ⓘ pero no contiene el texto emergente ni anotaciones con su contenido. No se reconstruyó la nota web.
41,lusby-traditional-0041,Hijos (Sahl/Hermes),Children (Sahl/Hermes),,Asc,Saturn,Mercury,normalizar360(Asc + Saturn − Mercury),normalizar360(Asc + Saturn − Mercury),,SB,,Medieval,,,,pending_review,
42,lusby-traditional-0042,Cargo civil,Civil Office,,Asc,Mercury,Jupiter,normalizar360(Asc + Mercury − Jupiter),normalizar360(Asc + Mercury − Jupiter),,LJ,,Medieval,,,,pending_review,
43,lusby-traditional-0043,Nubes,Clouds,,Asc,Saturn,Mars,normalizar360(Asc + Saturn − Mars),normalizar360(Asc + Mars − Saturn),reverse,B,,"Medieval, Weather",,,,pending_review,
44,lusby-traditional-0044,Frío,Cold,,Asc,Saturn,Mercury,normalizar360(Asc + Saturn − Mercury),normalizar360(Asc + Mercury − Saturn),reverse,B,,"Medieval, Weather",,,,pending_review,
45,lusby-traditional-0045,Compulsión,Compulsion,Necessity,Asc,Mercury,Spirit,normalizar360(Asc + Mercury − Spirit),normalizar360(Asc + Mercury − Spirit),,GI,,Medieval,,,,pending_review,El PDF muestra ⓘ pero no contiene el texto emergente ni anotaciones con su contenido. No se reconstruyó la nota web.
46,lusby-traditional-0046,Conquista,Conquest,,Asc,Mars,Sun,normalizar360(Asc + Mars − Sun),normalizar360(Asc + Mars − Sun),,B,R,"Medieval, Mundane",,,,pending_review,
47,lusby-traditional-0047,Disputas y contendientes,Contentions and Contenders,,Asc,Jupiter,Mars,normalizar360(Asc + Jupiter − Mars),normalizar360(Asc + Mars − Jupiter),reverse,GI,,Medieval,,,,pending_review,
48,lusby-traditional-0048,Contrato 1,Contract 1,Property Disposition,Asc,Jupiter,Mercury,normalizar360(Asc + Jupiter − Mercury),normalizar360(Asc + Mercury − Jupiter),reverse,O2,"O1, MSR, MSP",Hellenistic,,,,pending_review,El PDF muestra ⓘ pero no contiene el texto emergente ni anotaciones con su contenido. No se reconstruyó la nota web.
49,lusby-traditional-0049,Contrato 2,Contract 2,Property Disposition,Asc,Jupiter,Saturn,normalizar360(Asc + Jupiter − Saturn),normalizar360(Asc + Saturn − Jupiter),reverse,O2,,Hellenistic,,,,pending_review,El PDF muestra ⓘ pero no contiene el texto emergente ni anotaciones con su contenido. No se reconstruyó la nota web.
50,lusby-traditional-0050,Algodón,Cotton,,Asc,Venus,Mercury,Pendiente/no aplicable: ver reglas,Pendiente/no aplicable: ver reglas,reverse (B),Q,"B, BW","Medieval, Commodity",,,,conditional,Regla nocturna especial: reverse (B). Requiere seleccionar y validar su alcance antes de producir una fórmula operativa.
51,lusby-traditional-0051,Coraje,Courage,Audacity,Asc,Fortune,Mars,normalizar360(Asc + Fortune − Mars),normalizar360(Asc + Mars − Fortune),reverse,PA,"O2, MSL, MSP, MSV, GI, Q, R","Hellenistic, Medieval, Hermetic",,,,pending_review,El PDF muestra ⓘ pero no contiene el texto emergente ni anotaciones con su contenido. No se reconstruyó la nota web.
52,lusby-traditional-0052,"Coraje, violencia y combate","Courage, Violence & Combat",,Asc,Moon,Ruler Asc,normalizar360(Asc + Moon − Ruler Asc),normalizar360(Asc + Ruler Asc − Moon),reverse,GI,,Medieval,,,,pending_review,
53,lusby-traditional-0053,Oficio artesanal,Craft,,Asc,Moon,Mars,normalizar360(Asc + Moon − Mars),normalizar360(Asc + Mars − Moon),reverse,O1,"MSL, MSP, MSV",Hellenistic,,,,pending_review,
54,lusby-traditional-0054,Año crítico,Critical Year,,Asc,Ruler Syzygy,Saturn,Pendiente/no aplicable: ver reglas,Pendiente/no aplicable: ver reglas,,VV,"GI, Q, R","Hellenistic, Medieval",,,,unsupported_operand,Ruler Syzygy: Falta resolver la sizigia y confirmar el criterio de regencia de la fuente.
55,lusby-traditional-0055,"Astucia, engaño y estratagemas","Cunning, Deception & Strategems",,Asc,Spirit,Mercury,normalizar360(Asc + Spirit − Mercury),normalizar360(Asc + Mercury − Spirit),reverse,GI,,Medieval,,,,pending_review,
56,lusby-traditional-0056,Lluvias diarias,Daily Rains,,Moon,Saturn,Sun,normalizar360(Moon + Saturn − Sun),normalizar360(Moon + Saturn − Sun),,K,"RD, B, R, BW","Medieval, Weather",,,,pending_review,El PDF muestra ⓘ pero no contiene el texto emergente ni anotaciones con su contenido. No se reconstruyó la nota web.
57,lusby-traditional-0057,Daño,Damage,Penalty,Asc,Saturn,Mars,normalizar360(Asc + Saturn − Mars),normalizar360(Asc + Mars − Saturn),reverse,MSL,,Hellenistic,,,,pending_review,El PDF muestra ⓘ pero no contiene el texto emergente ni anotaciones con su contenido. No se reconstruyó la nota web.
58,lusby-traditional-0058,Dátiles,Dates,,Asc,Venus,Sun,normalizar360(Asc + Venus − Sun),normalizar360(Asc + Venus − Sun),,Q,GB,"Medieval, Commodity",,,,pending_review,
59,lusby-traditional-0059,Muerte,Death,,Saturn,8th,Moon,normalizar360(Saturn + 8th − Moon),normalizar360(Saturn + 8th − Moon),,DS,"HT, O2, MSL, MSP, MSV, BA, SB, GI, Q, R","Hellenistic, Medieval",,,,pending_review,Códigos sin entrada inequívoca en Sources: HT. No se expandieron por suposición.
60,lusby-traditional-0060,Muerte (al-Ṭabarī 1),Death (al-Ṭabarī 1),,8th,Ruler Asc,Ruler 8th,normalizar360(8th + Ruler Asc − Ruler 8th),normalizar360(8th + Ruler Asc − Ruler 8th),,UT,,"Medieval, Horary",,,,pending_review,
61,lusby-traditional-0061,Muerte (al-Ṭabarī 2),Death (al-Ṭabarī 2),,Asc,Ruler 8th,8th,normalizar360(Asc + Ruler 8th − 8th),normalizar360(Asc + Ruler 8th − 8th),,UT,,"Medieval, Horary",,,,pending_review,
62,lusby-traditional-0062,Muerte (Laurentianus),Death (Laurentianus),,Asc,Saturn,Moon,normalizar360(Asc + Saturn − Moon),normalizar360(Asc + Moon − Saturn),reverse,MSL,,Hellenistic,,,,pending_review,
63,lusby-traditional-0063,Muerte (Olympiodorus),Death (Olympiodorus),,Asc,Moon,Saturn,Pendiente/no aplicable: ver reglas,Pendiente/no aplicable: ver reglas,"reverse (O1, MSP, MSV)",O1,"MSL, MSP, MSV",Hellenistic,,,,conditional,"Regla nocturna especial: reverse (O1, MSP, MSV). Requiere seleccionar y validar su alcance antes de producir una fórmula operativa."
64,lusby-traditional-0064,Muerte (persa),Death (Persian),,Asc,Saturn,Mars,normalizar360(Asc + Saturn − Mars),normalizar360(Asc + Mars − Saturn),reverse,GI,,Medieval,,,,pending_review,
65,lusby-traditional-0065,Muerte (Rhetorius),Death (Rhetorius),,Asc,8th,Moon,normalizar360(Asc + 8th − Moon),normalizar360(Asc + 8th − Moon),,RE,"TE, BA","Hellenistic, Medieval",,,,pending_review,
66,lusby-traditional-0066,Muerte de los hermanos,Death of Brothers,,Asc,MC,Sun,normalizar360(Asc + MC − Sun),normalizar360(Asc + Sun − MC),reverse,GI,,Medieval,,,,pending_review,
67,lusby-traditional-0067,Muerte del padre,Death of the Father,,Asc,Jupiter,Saturn,normalizar360(Asc + Jupiter − Saturn),normalizar360(Asc + Saturn − Jupiter),reverse,GI,Q,Medieval,,,,pending_review,
68,lusby-traditional-0068,Deuda,Debt,Loaning,Asc,Mercury,Saturn,normalizar360(Asc + Mercury − Saturn),normalizar360(Asc + Mercury − Saturn),,VV,"GI, R","Hellenistic, Medieval",,,,pending_review,El PDF muestra ⓘ pero no contiene el texto emergente ni anotaciones con su contenido. No se reconstruyó la nota web.
69,lusby-traditional-0069,Deudor,Debtor,,Asc,Mercury,Saturn,normalizar360(Asc + Mercury − Saturn),normalizar360(Asc + Saturn − Mercury),reverse,O2,,Hellenistic,,,,pending_review,
70,lusby-traditional-0070,Engaño,Deceit,Treachery,Asc,Mars,Sun,normalizar360(Asc + Mars − Sun),normalizar360(Asc + Sun − Mars),reverse,VV,"MSP, MSV",Hellenistic,,,,pending_review,El PDF muestra ⓘ pero no contiene el texto emergente ni anotaciones con su contenido. No se reconstruyó la nota web.
71,lusby-traditional-0071,Deseo,Desire,,Asc,Venus,Jupiter,normalizar360(Asc + Venus − Jupiter),normalizar360(Asc + Jupiter − Venus),reverse,O1,"MSP, MSV",Hellenistic,,,,pending_review,
72,lusby-traditional-0072,Destructor,Destroyer,,Asc,Moon,Ruler Asc,normalizar360(Asc + Moon − Ruler Asc),normalizar360(Asc + Ruler Asc − Moon),reverse,RE,"O2, MSL, MSP, BA, SB, GI, Q, R","Hellenistic, Medieval",,,,pending_review,
73,lusby-traditional-0073,Destrucción,Destruction,,Asc,Mercury,Mars,normalizar360(Asc + Mercury − Mars),normalizar360(Asc + Mars − Mercury),reverse,O2,,Hellenistic,,,,pending_review,
74,lusby-traditional-0074,Dignidad,Dignity,Honors,Asc,Sun,Jupiter,normalizar360(Asc + Sun − Jupiter),normalizar360(Asc + Jupiter − Sun),reverse,FM,"O1, MSP, MSV",Hellenistic,,Sí,"1A, 1B",multiple_sources,Mult.: confirmada en múltiples fuentes según la compilación; no equivale a una comprobación nueva de los textos originales. | El PDF muestra ⓘ pero no contiene el texto emergente ni anotaciones con su contenido. No se reconstruyó la nota web.
75,lusby-traditional-0075,Dignidad B,Dignity B,,Asc,Mars,Sun,normalizar360(Asc + Mars − Sun),normalizar360(Asc + Sun − Mars),reverse,O1,,Hellenistic,Sí,,"1B, 1L",dubious,Dub.: fórmula dudosa o fuentes conflictivas según la compilación; desactivada por defecto.
76,lusby-traditional-0076,Discordia,Discord,,Asc,Dsc,Mars,normalizar360(Asc + Dsc − Mars),normalizar360(Asc + Dsc − Mars),,JZ,,Medieval,,,,pending_review,
77,lusby-traditional-0077,Destitución o renuncia,Dismissal or Resignation,Time of Loss of Dignity,Saturn,Jupiter,Sun,normalizar360(Saturn + Jupiter − Sun),normalizar360(Saturn + Jupiter − Sun),,B,R,"Medieval, Horary",,,,pending_review,El PDF muestra ⓘ pero no contiene el texto emergente ni anotaciones con su contenido. No se reconstruyó la nota web.
78,lusby-traditional-0078,Sueños A,Dreams A,,Asc,Mercury,Saturn,normalizar360(Asc + Mercury − Saturn),normalizar360(Asc + Saturn − Mercury),reverse,MSL,,Hellenistic,,,,pending_review,
79,lusby-traditional-0079,Sueños B,Dreams B,,Asc,Venus,Saturn,normalizar360(Asc + Venus − Saturn),normalizar360(Asc + Saturn − Venus),reverse,MSP,MSV,Hellenistic,,,,pending_review,
80,lusby-traditional-0080,Vivienda,Dwelling,,Asc,Moon,Saturn,normalizar360(Asc + Moon − Saturn),normalizar360(Asc + Saturn − Moon),reverse,O2,,Hellenistic,,,,pending_review,
81,lusby-traditional-0081,Tierra,Earth,,Asc,Jupiter,Saturn,normalizar360(Asc + Jupiter − Saturn),normalizar360(Asc + Jupiter − Saturn),,B,,"Medieval, Weather",,,,pending_review,
82,lusby-traditional-0082,Enemigos (antiguos/Olympiodorus A),Enemies (Ancients/Olympiodorus A),,Asc,Mars,Saturn,Pendiente/no aplicable: ver reglas,Pendiente/no aplicable: ver reglas,"reverse (O1, O2, MSL, MSP, MSV, R)",O1,"O2, MSL, MSP, MSV, GI, Q","Hellenistic, Medieval",,Sí,1A,conditional,"Mult.: confirmada en múltiples fuentes según la compilación; no equivale a una comprobación nueva de los textos originales. | Regla nocturna especial: reverse (O1, O2, MSL, MSP, MSV, R). Requiere seleccionar y validar su alcance antes de producir una fórmula operativa. | La celda secundaria imprime “MSV GI” sin coma. Se separan como dos códigos existentes; el texto original permanece conservado."
83,lusby-traditional-0083,Enemigos (Firmicus),Enemies (Firmicus),,Asc,Mercury,Mars,normalizar360(Asc + Mercury − Mars),normalizar360(Asc + Mars − Mercury),reverse,FM,,Hellenistic,,,,pending_review,
84,lusby-traditional-0084,Enemigos (Hermes),Enemies (Hermes),,Asc,12th,Ruler 12th,normalizar360(Asc + 12th − Ruler 12th),normalizar360(Asc + 12th − Ruler 12th),,GI,"Q, R",Medieval,,,,pending_review,
85,lusby-traditional-0085,Enemigos (Laurentianus),Enemies (Laurentianus),,Asc,Mercury,Saturn,normalizar360(Asc + Mercury − Saturn),normalizar360(Asc + Saturn − Mercury),reverse,MSL,MSR,Hellenistic,,,,pending_review,
86,lusby-traditional-0086,Enemigos (Olympiodorus B),Enemies (Olympiodorus B),,Asc,Mars,Sun,normalizar360(Asc + Mars − Sun),normalizar360(Asc + Sun − Mars),reverse,O1,,Hellenistic,Sí,,1B,dubious,Dub.: fórmula dudosa o fuentes conflictivas según la compilación; desactivada por defecto.
87,lusby-traditional-0087,Enemigos (Olympiodorus C),Enemies (Olympiodorus C),,Asc,Mercury,Venus,normalizar360(Asc + Mercury − Venus),normalizar360(Asc + Venus − Mercury),reverse,O1,,Hellenistic,Sí,,1L,dubious,Dub.: fórmula dudosa o fuentes conflictivas según la compilación; desactivada por defecto.
88,lusby-traditional-0088,Enredos y dificultades,Entanglement and Hardship,,Asc,Mercury,Saturn,normalizar360(Asc + Mercury − Saturn),normalizar360(Asc + Saturn − Mercury),reverse,GI,,Medieval,,,,pending_review,
89,lusby-traditional-0089,Eros (Firmicus),Eros (Firmicus),,Asc,Fortune,Spirit,normalizar360(Asc + Fortune − Spirit),normalizar360(Asc + Spirit − Fortune),reverse,FM,,Hellenistic,,,,pending_review,
90,lusby-traditional-0090,Eros (hermético),Eros (Hermetic),Love; Erotic Love,Asc,Venus,Spirit,normalizar360(Asc + Venus − Spirit),normalizar360(Asc + Spirit − Venus),reverse,PA,"O2, MSL","Hellenistic, Medieval",,,,pending_review,El PDF muestra ⓘ pero no contiene el texto emergente ni anotaciones con su contenido. No se reconstruyó la nota web. | La categoría Hermetic no figura en esta fila; “Hermetic” aparece en el nombre. No se agregó a las categorías originales.
91,lusby-traditional-0091,Eros (Olympiodorus) A,Eros (Olympiodorus) A,,Asc,Jupiter,Saturn,normalizar360(Asc + Jupiter − Saturn),normalizar360(Asc + Saturn − Jupiter),reverse,O1,,Hellenistic,Sí,,1L,dubious,Dub.: fórmula dudosa o fuentes conflictivas según la compilación; desactivada por defecto.
92,lusby-traditional-0092,Eros (Olympiodorus) B,Eros (Olympiodorus) B,,Asc,Mars,Saturn,normalizar360(Asc + Mars − Saturn),normalizar360(Asc + Saturn − Mars),reverse,O1,,Hellenistic,Sí,,1B,dubious,Dub.: fórmula dudosa o fuentes conflictivas según la compilación; desactivada por defecto.
93,lusby-traditional-0093,Eros (Valens),Eros (Valens),"Love; Nobility, Being Loved, Passion for Worldly Things; Harmony",Asc,Spirit,Fortune,normalizar360(Asc + Spirit − Fortune),normalizar360(Asc + Fortune − Spirit),reverse,VV,"DS, FM, SB, GI, Q, R","Hellenistic, Medieval",,,,pending_review,El PDF muestra ⓘ pero no contiene el texto emergente ni anotaciones con su contenido. No se reconstruyó la nota web.
94,lusby-traditional-0094,Propiedades,Estates,,Asc,Mercury,Saturn,normalizar360(Asc + Mercury − Saturn),normalizar360(Asc + Saturn − Mercury),reverse,O1,"MSP, MSV",Hellenistic,,,,pending_review,
95,lusby-traditional-0095,Exaltación (día),Exaltation (Day),,Asc,18 Aries,Sun,Pendiente/no aplicable: ver reglas,Pendiente/no aplicable: ver reglas,day,VV,"O2, MSL, MSP, MSV, SB, GI, Q","Hellenistic, Medieval",,,,unsupported_operand,18 Aries: Convención de grado ordinal frente a longitud desde cero no explicitada en el PDF; no convertir automáticamente.
96,lusby-traditional-0096,Exaltación (noche),Exaltation (Night),,Asc,2 Taurus,Moon,Pendiente/no aplicable: ver reglas,Pendiente/no aplicable: ver reglas,night,VV,"MSL, MSP, MSV, SB, GI, Q","Hellenistic, Medieval",,,,unsupported_operand,2 Taurus: Convención de grado ordinal frente a longitud desde cero no explicitada en el PDF; no convertir automáticamente.
97,lusby-traditional-0097,Agotamiento de los cuerpos,Exhaustion of Bodies,,Asc,Mars,Fortune,normalizar360(Asc + Mars − Fortune),normalizar360(Asc + Fortune − Mars),reverse,GI,,Medieval,,,,pending_review,
98,lusby-traditional-0098,Exilio A,Exile A,,Asc,Moon,Mars,normalizar360(Asc + Moon − Mars),normalizar360(Asc + Mars − Moon),reverse,O1,"MSP, MSV",Hellenistic,,Sí,1A,multiple_sources,Mult.: confirmada en múltiples fuentes según la compilación; no equivale a una comprobación nueva de los textos originales.
99,lusby-traditional-0099,Fama,Fame,Glory,Asc,Venus,Jupiter,normalizar360(Asc + Venus − Jupiter),normalizar360(Asc + Jupiter − Venus),reverse,O2,"FM, MSR, MSP, MSV",Hellenistic,,,,pending_review,El PDF muestra ⓘ pero no contiene el texto emergente ni anotaciones con su contenido. No se reconstruyó la nota web.
100,lusby-traditional-0100,Fama y reputación,Fame and Reputation,,Asc,MC,Sun,normalizar360(Asc + MC − Sun),normalizar360(Asc + MC − Sun),,FM,,Hellenistic,,,,pending_review,
101,lusby-traditional-0101,Labranza A,Farming A,,Asc,Venus,Saturn,normalizar360(Asc + Venus − Saturn),normalizar360(Asc + Saturn − Venus),reverse,O2,"O1, MSP",Hellenistic,,Sí,1B,multiple_sources,Mult.: confirmada en múltiples fuentes según la compilación; no equivale a una comprobación nueva de los textos originales.
102,lusby-traditional-0102,Labranza B,Farming B,,Asc,Venus,Jupiter,normalizar360(Asc + Venus − Jupiter),normalizar360(Asc + Jupiter − Venus),reverse,MSR,MSV,Hellenistic,Sí,,,dubious,Dub.: fórmula dudosa o fuentes conflictivas según la compilación; desactivada por defecto.
103,lusby-traditional-0103,Padre,Father,,Asc,Saturn,Sun,normalizar360(Asc + Saturn − Sun),normalizar360(Asc + Sun − Saturn),reverse,DS,"VV, PA, FM, O2, MSL, MSP, MSV, SB, GI, Q, R","Hellenistic, Medieval",,,,pending_review,
104,lusby-traditional-0104,Padre (variante 1),Father (Alt 1),,Asc,Jupiter,Mars,Pendiente/no aplicable: ver reglas,Pendiente/no aplicable: ver reglas,reverse (GI),DS,"PA, SB, MSP, GI","Hellenistic, Medieval",,,,conditional,El PDF muestra ⓘ pero no contiene el texto emergente ni anotaciones con su contenido. No se reconstruyó la nota web. | Regla nocturna especial: reverse (GI). Requiere seleccionar y validar su alcance antes de producir una fórmula operativa.
105,lusby-traditional-0105,Padre (variante 2),Father (Alt 2),,Asc,Jupiter,Sun,normalizar360(Asc + Jupiter − Sun),normalizar360(Asc + Sun − Jupiter),reverse,VV,"GI, Q","Hellenistic, Medieval",,,,pending_review,El PDF muestra ⓘ pero no contiene el texto emergente ni anotaciones con su contenido. No se reconstruyó la nota web.
106,lusby-traditional-0106,Faltas y pasiones,Faults and Lusts,,Asc,Saturn,Moon,normalizar360(Asc + Saturn − Moon),normalizar360(Asc + Saturn − Moon),,FM,,Hellenistic,,,,pending_review,
107,lusby-traditional-0107,Hijas (Dorotheus),Female Children (Dorotheus),,Asc,Venus,Moon,Pendiente/no aplicable: ver reglas,Pendiente/no aplicable: ver reglas,"reverse (MSL, Theophilus)",DS,"MSL, BA, SB, GI, Q","Hellenistic, Medieval",,,,conditional,"Regla nocturna especial: reverse (MSL, Theophilus). Requiere seleccionar y validar su alcance antes de producir una fórmula operativa."
108,lusby-traditional-0108,Hijas (Valens),Female Children (Valens),,Asc,Venus,Jupiter,normalizar360(Asc + Venus − Jupiter),normalizar360(Asc + Venus − Jupiter),,VV,,Hellenistic,,,,pending_review,
109,lusby-traditional-0109,Fuego,Fire,,Asc,Mars,Sun,normalizar360(Asc + Mars − Sun),normalizar360(Asc + Mars − Sun),,B,,"Medieval, Weather",,,,pending_review,
110,lusby-traditional-0110,Lino,Flax,,Asc,Venus,Mars,normalizar360(Asc + Venus − Mars),normalizar360(Asc + Mars − Venus),reverse,B,,"Medieval, Commodity",,,,pending_review,
111,lusby-traditional-0111,Fortuna,Fortune,,Asc,Moon,Sun,normalizar360(Asc + Moon − Sun),normalizar360(Asc + Sun − Moon),reverse,DS,"VV, FM, PA, O2, MSL, MSP, MSV, SB, GI, Q, R","Hellenistic, Medieval",,,,pending_review,El PDF muestra ⓘ pero no contiene el texto emergente ni anotaciones con su contenido. No se reconstruyó la nota web.
112,lusby-traditional-0112,Riqueza encontrada,Found Wealth,,Asc,Venus,Mercury,normalizar360(Asc + Venus − Mercury),normalizar360(Asc + Mercury − Venus),reverse,GI,,Medieval,,,,pending_review,
113,lusby-traditional-0113,Libertos y sirvientes,Freedmen and Servants,,Mercury,Saturn,Jupiter,normalizar360(Mercury + Saturn − Jupiter),normalizar360(Mercury + Saturn − Jupiter),,B,,"Medieval, Horary",,,,pending_review,
114,lusby-traditional-0114,Libertad,Freedom,,Asc,Sun,Mercury,normalizar360(Asc + Sun − Mercury),normalizar360(Asc + Mercury − Sun),reverse,MSL,"MSP, MSV",Hellenistic,,,,pending_review,
115,lusby-traditional-0115,Amigos,Friends,,Asc,Mercury,Moon,Pendiente/no aplicable: ver reglas,Pendiente/no aplicable: ver reglas,"reverse (O1, MSL, BA, SB)",DS,"O1, MSL, BA, SB, GI, Q, R","Hellenistic, Medieval",,,1B,conditional,"Regla nocturna especial: reverse (O1, MSL, BA, SB). Requiere seleccionar y validar su alcance antes de producir una fórmula operativa."
116,lusby-traditional-0116,Amigos (Firmicus),Friends (Firmicus),,Asc,Mercury,Jupiter,normalizar360(Asc + Mercury − Jupiter),normalizar360(Asc + Mercury − Jupiter),,FM,,Hellenistic,,,,pending_review,
117,lusby-traditional-0117,Amigos (Olympiodorus 1) a,Friends (Olympiodorus 1) a,,Asc,Venus,Mercury,normalizar360(Asc + Venus − Mercury),normalizar360(Asc + Mercury − Venus),reverse,O1,,Hellenistic,,Sí,"1A, 1L",multiple_sources,Mult.: confirmada en múltiples fuentes según la compilación; no equivale a una comprobación nueva de los textos originales.
118,lusby-traditional-0118,Amigos (Olympiodorus 1) B,Friends (Olympiodorus 1) B,,Asc,Saturn,Jupiter,normalizar360(Asc + Saturn − Jupiter),normalizar360(Asc + Jupiter − Saturn),reverse,O1,,Hellenistic,Sí,,1B,dubious,Dub.: fórmula dudosa o fuentes conflictivas según la compilación; desactivada por defecto.
119,lusby-traditional-0119,Amigos (Olympiodorus 2),Friends (Olympiodorus 2),,Asc,Venus,Jupiter,normalizar360(Asc + Venus − Jupiter),normalizar360(Asc + Jupiter − Venus),reverse,O2,"MSR, MSP, MSV",Hellenistic,,,,pending_review,
120,lusby-traditional-0120,Abuelos,Grandfathers,,Asc,Saturn,Ruler Sun,normalizar360(Asc + Saturn − Ruler Sun),normalizar360(Asc + Ruler Sun − Saturn),reverse,GI,Q,Medieval,,,,pending_review,
121,lusby-traditional-0121,Abuelos (variante 1),Grandfathers (Alt 1),,Asc,Saturn,Sun,normalizar360(Asc + Saturn − Sun),normalizar360(Asc + Sun − Saturn),reverse,GI,Q,Medieval,,,,pending_review,El PDF muestra ⓘ pero no contiene el texto emergente ni anotaciones con su contenido. No se reconstruyó la nota web.
122,lusby-traditional-0122,Abuelos (variante 2),Grandfathers (Alt 2),,Asc,Saturn,0 Leo,normalizar360(Asc + Saturn − 0 Leo),normalizar360(Asc + 0 Leo − Saturn),reverse,GI,,Medieval,,,,pending_review,El PDF muestra ⓘ pero no contiene el texto emergente ni anotaciones con su contenido. No se reconstruyó la nota web.
123,lusby-traditional-0123,Uvas,Grapes,Wine,Asc,Venus,Saturn,Pendiente/no aplicable: ver reglas,Pendiente/no aplicable: ver reglas,reverse (B),Q,"B, BW, GB","Medieval, Commodity",,,,conditional,El PDF muestra ⓘ pero no contiene el texto emergente ni anotaciones con su contenido. No se reconstruyó la nota web. | Regla nocturna especial: reverse (B). Requiere seleccionar y validar su alcance antes de producir una fórmula operativa.
124,lusby-traditional-0124,Aflicción 1A,Grief 1A,,Asc,Mars,Saturn,normalizar360(Asc + Mars − Saturn),normalizar360(Asc + Saturn − Mars),reverse,O1,,Hellenistic,Sí,,1A,dubious,Dub.: fórmula dudosa o fuentes conflictivas según la compilación; desactivada por defecto.
125,lusby-traditional-0125,Aflicción 1B,Grief 1B,,Asc,Sun,Saturn,normalizar360(Asc + Sun − Saturn),normalizar360(Asc + Saturn − Sun),reverse,O1,"MSP, MSV",Hellenistic,,Sí,"1B, 1L",multiple_sources,Mult.: confirmada en múltiples fuentes según la compilación; no equivale a una comprobación nueva de los textos originales.
126,lusby-traditional-0126,Felicidad y boda,Happiness and Wedding,Men's and Women's Marriage,Asc,Dsc,Venus,normalizar360(Asc + Dsc − Venus),normalizar360(Asc + Dsc − Venus),,DS,"BA, SB, GI, Q","Hellenistic, Medieval",,,,pending_review,El PDF muestra ⓘ pero no contiene el texto emergente ni anotaciones con su contenido. No se reconstruyó la nota web.
127,lusby-traditional-0127,Patria A,Homeland A,,Asc,Mercury,Saturn,normalizar360(Asc + Mercury − Saturn),normalizar360(Asc + Saturn − Mercury),reverse,O1,,Hellenistic,Sí,,1A,dubious,Dub.: fórmula dudosa o fuentes conflictivas según la compilación; desactivada por defecto.
128,lusby-traditional-0128,Patria B,Homeland B,,Asc,Jupiter,Saturn,normalizar360(Asc + Jupiter − Saturn),normalizar360(Asc + Saturn − Jupiter),reverse,O1,,Hellenistic,Sí,,1B,dubious,Dub.: fórmula dudosa o fuentes conflictivas según la compilación; desactivada por defecto.
129,lusby-traditional-0129,Patria C,Homeland C,,Asc,Mars,Sun,Pendiente/no aplicable: ver reglas,Pendiente/no aplicable: ver reglas,reverse (O1),O1,"MSL, MSP, MSV",Hellenistic,,Sí,1L,conditional,Mult.: confirmada en múltiples fuentes según la compilación; no equivale a una comprobación nueva de los textos originales. | Regla nocturna especial: reverse (O1). Requiere seleccionar y validar su alcance antes de producir una fórmula operativa.
130,lusby-traditional-0130,Miel,Honey,,Asc,Sun,Moon,Pendiente/no aplicable: ver reglas,Pendiente/no aplicable: ver reglas,reverse (B),Q,"B, BW, GB","Medieval, Commodity",,,,conditional,Regla nocturna especial: reverse (B). Requiere seleccionar y validar su alcance antes de producir una fórmula operativa.
131,lusby-traditional-0131,Esperanza,Hope,,Asc,Venus,Saturn,normalizar360(Asc + Venus − Saturn),normalizar360(Asc + Saturn − Venus),reverse,GI,R,Medieval,,,,pending_review,
132,lusby-traditional-0132,Identificación de las marcas de nacimiento de un profeta,Identifying Birthmarks of a Prophet,,Asc,Sun,Lord of Hour,Pendiente/no aplicable: ver reglas,Pendiente/no aplicable: ver reglas,,RD,,"Medieval, Mundane",,,,unsupported_operand,Lord of Hour: El proyecto no dispone todavía de un cálculo validado de horas planetarias.
133,lusby-traditional-0133,Identificación de varones y mujeres,Identifying Males and Females,,Asc,Moon,Ruler Moon,normalizar360(Asc + Moon − Ruler Moon),normalizar360(Asc + Ruler Moon − Moon),reverse,SB,"GI, Q",Medieval,,,,pending_review,
134,lusby-traditional-0134,Enfermedad (antiguos),Illness (Ancients),,Asc,Mars,Mercury,normalizar360(Asc + Mars − Mercury),normalizar360(Asc + Mars − Mercury),,GI,,Medieval,,,,pending_review,
135,lusby-traditional-0135,Enfermedad (Dorotheus; versión china),Illness (Dorotheus - Chinese),,Asc,6th,Sun,normalizar360(Asc + 6th − Sun),normalizar360(Asc + 6th − Sun),,LJ,,Medieval,,,,pending_review,
136,lusby-traditional-0136,Enfermedad (Dorotheus),Illness (Dorotheus),,Asc,Mars,Saturn,normalizar360(Asc + Mars − Saturn),normalizar360(Asc + Saturn − Mars),reverse,DS,"FM, HT, BA, SB, GI, Q, R","Hellenistic, Medieval",,,,pending_review,Códigos sin entrada inequívoca en Sources: HT. No se expandieron por suposición.
137,lusby-traditional-0137,Enfermedad (Laurentianus),Illness (Laurentianus),,Asc,Mercury,Saturn,normalizar360(Asc + Mercury − Saturn),normalizar360(Asc + Saturn − Mercury),reverse,MSL,MSP,Hellenistic,,,,pending_review,
138,lusby-traditional-0138,Encarcelamiento A,Imprisonment A,,Asc,Sun,Saturn,normalizar360(Asc + Sun − Saturn),normalizar360(Asc + Saturn − Sun),reverse,O1,,Hellenistic,Sí,,1A,dubious,Dub.: fórmula dudosa o fuentes conflictivas según la compilación; desactivada por defecto.
139,lusby-traditional-0139,Encarcelamiento B,Imprisonment B,,Asc,Mars,Saturn,normalizar360(Asc + Mars − Saturn),normalizar360(Asc + Saturn − Mars),reverse,O1,"MSP, MSV",Hellenistic,,Sí,1B,multiple_sources,Mult.: confirmada en múltiples fuentes según la compilación; no equivale a una comprobación nueva de los textos originales.
140,lusby-traditional-0140,Indecencia y lujuria,Indecency and Lust,,Asc,Venus,Moon,Pendiente/no aplicable: ver reglas,Pendiente/no aplicable: ver reglas,use both,FM,,Hellenistic,,,,conditional,Regla nocturna especial: use both. Requiere seleccionar y validar su alcance antes de producir una fórmula operativa.
141,lusby-traditional-0141,Guisantes de la India,Indian Peas,,Asc,Mars,Saturn,normalizar360(Asc + Mars − Saturn),normalizar360(Asc + Mars − Saturn),,Q,,"Medieval, Commodity",,,,pending_review,
142,lusby-traditional-0142,Herencia 1,Inheritance 1,,Asc,Venus,Saturn,normalizar360(Asc + Venus − Saturn),normalizar360(Asc + Saturn − Venus),reverse,O1,MSV,Hellenistic,,,,pending_review,
143,lusby-traditional-0143,Herencia 2,Inheritance 2,,Asc,Mercury,Jupiter,normalizar360(Asc + Mercury − Jupiter),normalizar360(Asc + Jupiter − Mercury),reverse,MSL,"MSP, MSV",Hellenistic,,,,pending_review,
144,lusby-traditional-0144,Lesión 1,Injury 1,,Asc,Saturn,Mars,normalizar360(Asc + Saturn − Mars),normalizar360(Asc + Mars − Saturn),reverse,O1,MSP,Hellenistic,,,,pending_review,
145,lusby-traditional-0145,Lesión 2,Injury 2,,Asc,Mars,Saturn,normalizar360(Asc + Mars − Saturn),normalizar360(Asc + Mars − Saturn),,MSL,,Hellenistic,,,,pending_review,
146,lusby-traditional-0146,Lesión 3,Injury 3,,Mercury,Mars,Saturn,normalizar360(Mercury + Mars − Saturn),normalizar360(Mercury + Saturn − Mars),reverse,MSL,,Hellenistic,,,,pending_review,
147,lusby-traditional-0147,Perjuicio a los negocios,Injury to Business,,Asc,Fortune,Ruler Asc,normalizar360(Asc + Fortune − Ruler Asc),normalizar360(Asc + Fortune − Ruler Asc),,B,,"Medieval, Horary",,,,pending_review,
148,lusby-traditional-0148,Hierro,Iron,,Asc,Saturn,Mars,normalizar360(Asc + Saturn − Mars),normalizar360(Asc + Mars − Saturn),reverse,B,,"Medieval, Commodity",,,,pending_review,
149,lusby-traditional-0149,Empleo y autoridad,Job & Authority,,Asc,MC,Sun,normalizar360(Asc + MC − Sun),normalizar360(Asc + MC − Sun),,Q,,Medieval,,,,pending_review,
150,lusby-traditional-0150,Juicio 1A,Judgment 1A,,Asc,Jupiter,Saturn,normalizar360(Asc + Jupiter − Saturn),normalizar360(Asc + Saturn − Jupiter),reverse,O1,,Hellenistic,Sí,,1A,dubious,Dub.: fórmula dudosa o fuentes conflictivas según la compilación; desactivada por defecto.
151,lusby-traditional-0151,Juicio 1B,Judgment 1B,,Asc,Mars,Saturn,normalizar360(Asc + Mars − Saturn),normalizar360(Asc + Saturn − Mars),reverse,O1,,Hellenistic,Sí,,1B,dubious,Dub.: fórmula dudosa o fuentes conflictivas según la compilación; desactivada por defecto.
152,lusby-traditional-0152,Juicio 1C,Judgment 1C,,Asc,Mercury,Saturn,normalizar360(Asc + Mercury − Saturn),normalizar360(Asc + Saturn − Mercury),reverse,O1,"MSP, MSV",Hellenistic,,Sí,"1B, 1L",multiple_sources,Mult.: confirmada en múltiples fuentes según la compilación; no equivale a una comprobación nueva de los textos originales.
153,lusby-traditional-0153,Juicio 2,Judgment 2,,Asc,Jupiter,Mars,normalizar360(Asc + Jupiter − Mars),normalizar360(Asc + Mars − Jupiter),reverse,MSR,"MSP, MSV",Hellenistic,,,,pending_review,
154,lusby-traditional-0154,Matanza,Killing,Decapitation,8th,Mars,Moon,normalizar360(8th + Mars − Moon),normalizar360(8th + Mars − Moon),,UT,B,"Medieval, Horary",,,,pending_review,El PDF muestra ⓘ pero no contiene el texto emergente ni anotaciones con su contenido. No se reconstruyó la nota web.
155,lusby-traditional-0155,Parentesco,Kinship,,Asc,Jupiter,Mercury,normalizar360(Asc + Jupiter − Mercury),normalizar360(Asc + Mercury − Jupiter),reverse,MSP,"MSR, MSV",Hellenistic,,,,pending_review,
156,lusby-traditional-0156,Conocimiento,Knowledge,Knowledge of the King,Asc,Jupiter,Moon,normalizar360(Asc + Jupiter − Moon),normalizar360(Asc + Moon − Jupiter),reverse,Q,,"Medieval, Mundane",,,,pending_review,El PDF muestra ⓘ pero no contiene el texto emergente ni anotaciones con su contenido. No se reconstruyó la nota web.
157,lusby-traditional-0157,Conocimiento y meditación,Knowledge & Meditation,Wisdom & Understanding,Mercury,Jupiter,Saturn,normalizar360(Mercury + Jupiter − Saturn),normalizar360(Mercury + Saturn − Jupiter),reverse,GI,,Medieval,,,,pending_review,El PDF muestra ⓘ pero no contiene el texto emergente ni anotaciones con su contenido. No se reconstruyó la nota web.
158,lusby-traditional-0158,Conocimiento y meditación (al-Qabīṣī),Knowledge & Meditation (al-Qabīṣī),,Asc,Jupiter,Saturn,normalizar360(Asc + Jupiter − Saturn),normalizar360(Asc + Jupiter − Saturn),,Q,,Medieval,Sí,,,dubious,Dub.: fórmula dudosa o fuentes conflictivas según la compilación; desactivada por defecto.
159,lusby-traditional-0159,Pleito,Lawsuit,,Asc,Mercury,Mars,normalizar360(Asc + Mercury − Mars),normalizar360(Asc + Mercury − Mars),,B,,"Medieval, Horary",,,,pending_review,
160,lusby-traditional-0160,Lentejas,Lentils,,Asc,Saturn,Mars,Pendiente/no aplicable: ver reglas,Pendiente/no aplicable: ver reglas,reverse (B),Q,"B, BW, GB","Medieval, Commodity",,,,conditional,Regla nocturna especial: reverse (B). Requiere seleccionar y validar su alcance antes de producir una fórmula operativa.
161,lusby-traditional-0161,Vida 1,Life 1,Livelihood,Asc,Saturn,Jupiter,normalizar360(Asc + Saturn − Jupiter),normalizar360(Asc + Jupiter − Saturn),reverse,O2,"O1, MSL, MSR, MSP, MSV, SB, GI, Q, R","Hellenistic, Medieval",,,1B,pending_review,El PDF muestra ⓘ pero no contiene el texto emergente ni anotaciones con su contenido. No se reconstruyó la nota web.
162,lusby-traditional-0162,Vida 2a,Life 2a,,Asc,Venus,Moon,normalizar360(Asc + Venus − Moon),normalizar360(Asc + Moon − Venus),reverse,O1,MSL,Hellenistic,,Sí,1A,multiple_sources,Mult.: confirmada en múltiples fuentes según la compilación; no equivale a una comprobación nueva de los textos originales.
163,lusby-traditional-0163,Vida 2b,Life 2b,,Asc,Venus,Saturn,normalizar360(Asc + Venus − Saturn),normalizar360(Asc + Saturn − Venus),reverse,O2,,Hellenistic,Sí,,1B,dubious,Dub.: fórmula dudosa o fuentes conflictivas según la compilación; desactivada por defecto.
164,lusby-traditional-0164,Vida 2c,Life 2c,,Asc,Saturn,Venus,normalizar360(Asc + Saturn − Venus),normalizar360(Asc + Venus − Saturn),reverse,O2,,Hellenistic,Sí,,1B,dubious,Dub.: fórmula dudosa o fuentes conflictivas según la compilación; desactivada por defecto.
165,lusby-traditional-0165,Vida 2d,Life 2d,,Asc,Venus,Fortune,normalizar360(Asc + Venus − Fortune),normalizar360(Asc + Fortune − Venus),reverse,O2,,Hellenistic,Sí,,1B,dubious,Dub.: fórmula dudosa o fuentes conflictivas según la compilación; desactivada por defecto.
166,lusby-traditional-0166,Vida o muerte del ausente,Life or Death of Absent,,Asc,Mars,Moon,normalizar360(Asc + Mars − Moon),normalizar360(Asc + Mars − Moon),,B,,"Medieval, Horary",,,,pending_review,
167,lusby-traditional-0167,Linaje,Lineage,,Mercury,Mars,Saturn,normalizar360(Mercury + Mars − Saturn),normalizar360(Mercury + Saturn − Mars),reverse,GI,,Medieval,,,,pending_review,
168,lusby-traditional-0168,Sustento (Dorotheus),Livelihood (Dorotheus),Wealth,Asc,2nd,Ruler 2nd,normalizar360(Asc + 2nd − Ruler 2nd),normalizar360(Asc + 2nd − Ruler 2nd),,DS,"HT, RE, MSL, MSP, MSV, BA, SB, GI, Q, R","Hellenistic, Medieval",,,,pending_review,El PDF muestra ⓘ pero no contiene el texto emergente ni anotaciones con su contenido. No se reconstruyó la nota web. | Códigos sin entrada inequívoca en Sources: HT. No se expandieron por suposición.
169,lusby-traditional-0169,Sustento 2,Livelihood 2,,Asc,Saturn,Venus,normalizar360(Asc + Saturn − Venus),normalizar360(Asc + Venus − Saturn),reverse,O1,"MSL, MSP, MSV",Hellenistic,,,,pending_review,
170,lusby-traditional-0170,Sustento 3,Livelihood 3,,Asc,Asc,Sun,normalizar360(Asc + Asc − Sun),normalizar360(Asc + Asc − Sun),,O2,"MSR, MSP, MSV",Hellenistic,,,,pending_review,
171,lusby-traditional-0171,Sustento 4,Livelihood 4,,Asc,Moon,Venus,normalizar360(Asc + Moon − Venus),normalizar360(Asc + Venus − Moon),reverse,O1,,Hellenistic,Sí,,1B,dubious,Dub.: fórmula dudosa o fuentes conflictivas según la compilación; desactivada por defecto.
172,lusby-traditional-0172,Préstamos,Loans,,Asc,Saturn,Mercury,normalizar360(Asc + Saturn − Mercury),normalizar360(Asc + Mercury − Saturn),reverse,O1,"MSP, MSV",Hellenistic,,,,pending_review,
173,lusby-traditional-0173,Lógica y razón,Logic & Reason,,Asc,Mars,Mercury,normalizar360(Asc + Mars − Mercury),normalizar360(Asc + Mercury − Mars),reverse,GI,R,Medieval,,,,pending_review,
174,lusby-traditional-0174,Longevidad,Longevity,,Asc,Moon,Jupiter,normalizar360(Asc + Moon − Jupiter),normalizar360(Asc + Jupiter − Moon),reverse,LJ,,Medieval,,,,pending_review,
175,lusby-traditional-0175,Señores y amos,Lords and Masters,,Moon,Saturn,Jupiter,normalizar360(Moon + Saturn − Jupiter),normalizar360(Moon + Saturn − Jupiter),,B,,"Medieval, Horary",,,,pending_review,
176,lusby-traditional-0176,Animal perdido,Lost Animal,,Asc,Mars,Sun,normalizar360(Asc + Mars − Sun),normalizar360(Asc + Mars − Sun),,B,,"Medieval, Horary",,,,pending_review,
177,lusby-traditional-0177,Amante de una mujer,Lover of a Woman,,Asc,Moon,Jupiter,normalizar360(Asc + Moon − Jupiter),normalizar360(Asc + Jupiter − Moon),reverse,MSL,"MSP, MSV",Hellenistic,,,,pending_review,
178,lusby-traditional-0178,Amantes,Lovers,,Asc,Venus,Jupiter,normalizar360(Asc + Venus − Jupiter),normalizar360(Asc + Venus − Jupiter),,JZ,,Medieval,,,,pending_review,
179,lusby-traditional-0179,Hijos varones (Dorotheus; versión china),Male Children (Dorotheus - Chinese),,Asc,Jupiter,Sun,normalizar360(Asc + Jupiter − Sun),normalizar360(Asc + Jupiter − Sun),,LJ,,Medieval,,,,pending_review,"Se conserva el nombre inglés del documento, incluidas sus grafías; la traducción es editorial y revisable."
180,lusby-traditional-0180,Hijos varones (Dorotheus),Male Children (Dorotheus),,Asc,Sun,Jupiter,normalizar360(Asc + Sun − Jupiter),normalizar360(Asc + Sun − Jupiter),,DS,,Hellenistic,,,,pending_review,
181,lusby-traditional-0181,Hijos varones (Hermes),Male Children (Hermes),,Asc,Jupiter,Moon,Pendiente/no aplicable: ver reglas,Pendiente/no aplicable: ver reglas,reverse (MSL),MSL,"BA, SB, GI, Q","Hellenistic, Medieval",,,,conditional,Regla nocturna especial: reverse (MSL). Requiere seleccionar y validar su alcance antes de producir una fórmula operativa.
182,lusby-traditional-0182,Hijos varones (persa/Theophilus),Male Children (Persian/Theophilus),,Asc,Saturn,Moon,Pendiente/no aplicable: ver reglas,Pendiente/no aplicable: ver reglas,reverse (Persians),GI,,Medieval,,,,conditional,Regla nocturna especial: reverse (Persians). Requiere seleccionar y validar su alcance antes de producir una fórmula operativa.
183,lusby-traditional-0183,Hijos varones (Valens),Male Children (Valens),,Asc,Mercury,Jupiter,normalizar360(Asc + Mercury − Jupiter),normalizar360(Asc + Mercury − Jupiter),,VV,,Hellenistic,,,,pending_review,
184,lusby-traditional-0184,Trabajadores manuales y actividades comerciales,Manual Workers & Commercial Activities,,Asc,Venus,Mercury,normalizar360(Asc + Venus − Mercury),normalizar360(Asc + Mercury − Venus),reverse,GI,,Medieval,,,,pending_review,
185,lusby-traditional-0185,Matrimonio (Firmicus),Marriage (Firmicus),Time of Marriage,Asc,Moon,Sun,normalizar360(Asc + Moon − Sun),normalizar360(Asc + Moon − Sun),,FM,"MSL, GI, Q","Hellenistic, Medieval",,,,pending_review,El PDF muestra ⓘ pero no contiene el texto emergente ni anotaciones con su contenido. No se reconstruyó la nota web.
186,lusby-traditional-0186,Matrimonio (horaria),Marriage (Horary),,Asc,Ruler Dsc,Dsc,normalizar360(Asc + Ruler Dsc − Dsc),normalizar360(Asc + Ruler Dsc − Dsc),,UT,B,"Medieval, Horary",,,,pending_review,
187,lusby-traditional-0187,"Matrimonio (hombres, según Dorotheus)","Marriage (Men, a/t Dorotheus)",Union,Asc,Venus,Saturn,Pendiente/no aplicable: ver reglas,Pendiente/no aplicable: ver reglas,"reverse (FM, MSL, AO)",DS,"PA, FM, O2, MSL, MSP, MSV, BA, SB, GI, Q, R","Hellenistic, Medieval",,,,pending_review,"El PDF muestra ⓘ pero no contiene el texto emergente ni anotaciones con su contenido. No se reconstruyó la nota web. | Códigos sin entrada inequívoca en Sources: AO. No se expandieron por suposición. | Regla nocturna especial: reverse (FM, MSL, AO). Requiere seleccionar y validar su alcance antes de producir una fórmula operativa."
188,lusby-traditional-0188,"Matrimonio (hombres, según Valens)","Marriage (Men, a/t Valens)","Fornication; Men's Deception, Adultery, etc.",Asc,Venus,Sun,Pendiente/no aplicable: ver reglas,Pendiente/no aplicable: ver reglas,day (AO),VV,"MSL, MSV, SB, GI, Q, R","Hellenistic, Medieval",,,,pending_review,El PDF muestra ⓘ pero no contiene el texto emergente ni anotaciones con su contenido. No se reconstruyó la nota web. | Códigos sin entrada inequívoca en Sources: AO. No se expandieron por suposición. | Regla nocturna especial: day (AO). Requiere seleccionar y validar su alcance antes de producir una fórmula operativa.
189,lusby-traditional-0189,Matrimonio (Valens),Marriage (Valens),,Asc,Venus,Jupiter,normalizar360(Asc + Venus − Jupiter),normalizar360(Asc + Jupiter − Venus),reverse,VV,,"Hellenistic, Medieval",,,,pending_review,
190,lusby-traditional-0190,"Matrimonio (mujeres, según Dorotheus)","Marriage (Women, a/t Dorotheus)",,Asc,Saturn,Venus,Pendiente/no aplicable: ver reglas,Pendiente/no aplicable: ver reglas,reverse (MSL),DS,"PA, O2, MSL, MSP, MSV, BA, SB, GI, Q, R","Hellenistic, Medieval",,,,conditional,Regla nocturna especial: reverse (MSL). Requiere seleccionar y validar su alcance antes de producir una fórmula operativa.
191,lusby-traditional-0191,"Matrimonio (mujeres, según Valens)","Marriage (Women, a/t Valens)","Fornication; Women's Deception, Fornication, etc.",Asc,Mars,Moon,Pendiente/no aplicable: ver reglas,Pendiente/no aplicable: ver reglas,night (AO),VV,"MSL, MSV, SB, GI, Q","Hellenistic, Medieval",,,,pending_review,El PDF muestra ⓘ pero no contiene el texto emergente ni anotaciones con su contenido. No se reconstruyó la nota web. | Códigos sin entrada inequívoca en Sources: AO. No se expandieron por suposición. | Regla nocturna especial: night (AO). Requiere seleccionar y validar su alcance antes de producir una fórmula operativa.
192,lusby-traditional-0192,Carne,Meat,,Asc,Jupiter,Moon,normalizar360(Asc + Jupiter − Moon),normalizar360(Asc + Moon − Jupiter),reverse,B,,"Medieval, Commodity",,,,pending_review,
193,lusby-traditional-0193,Melones,Melons,"Melons, Watermelons, Cucumbers & Gourds",Asc,Saturn,Mercury,normalizar360(Asc + Saturn − Mercury),normalizar360(Asc + Saturn − Mercury),,Q,"BW, GB","Medieval, Commodity",,,,pending_review,El PDF muestra ⓘ pero no contiene el texto emergente ni anotaciones con su contenido. No se reconstruyó la nota web.
194,lusby-traditional-0194,Expedición militar,Military Expedition,Horsemanship & Courage; War & Fighting,Asc,Moon,Saturn,Pendiente/no aplicable: ver reglas,Pendiente/no aplicable: ver reglas,reverse (MSL),DS,"HT, MSL, TE, GI, Q, B","Hellenistic, Medieval, Mundane",,,,pending_review,El PDF muestra ⓘ pero no contiene el texto emergente ni anotaciones con su contenido. No se reconstruyó la nota web. | Códigos sin entrada inequívoca en Sources: HT. No se expandieron por suposición. | Regla nocturna especial: reverse (MSL). Requiere seleccionar y validar su alcance antes de producir una fórmula operativa.
195,lusby-traditional-0195,Servicio militar (Firmicus),Military Service (Firmicus),,Asc,Sun,Mars,Pendiente/no aplicable: ver reglas,Pendiente/no aplicable: ver reglas,"reverse (MSP, MSV)",FM,"MSP, MSV",Hellenistic,,,,conditional,"Regla nocturna especial: reverse (MSP, MSV). Requiere seleccionar y validar su alcance antes de producir una fórmula operativa."
196,lusby-traditional-0196,Servicio militar (Laurentianus),Military Service (Laurentianus),,Asc,Mars,Mercury,normalizar360(Asc + Mars − Mercury),normalizar360(Asc + Mercury − Mars),reverse,MSL,,Hellenistic,,,,pending_review,
197,lusby-traditional-0197,Servicio militar (Olympiodorus 1),Military Service (Olympiodorus 1),,Asc,Jupiter,Mars,normalizar360(Asc + Jupiter − Mars),normalizar360(Asc + Mars − Jupiter),reverse,O1,"MSL, MSP, MSV",Hellenistic,,,,pending_review,
198,lusby-traditional-0198,Amante femenina de un hombre,Mistress of a Man,,Asc,Jupiter,Moon,normalizar360(Asc + Jupiter − Moon),normalizar360(Asc + Moon − Jupiter),reverse,MSL,"MSP, MSV",Hellenistic,,,,pending_review,
199,lusby-traditional-0199,Amante femenina de una mujer,Mistress of a Woman,,Asc,Moon,Venus,normalizar360(Asc + Moon − Venus),normalizar360(Asc + Venus − Moon),reverse,MSL,"MSP, MSV",Hellenistic,,,,pending_review,
200,lusby-traditional-0200,Madre,Mother,,Asc,Moon,Venus,normalizar360(Asc + Moon − Venus),normalizar360(Asc + Venus − Moon),reverse,DS,"PA, FM, O2, MSL, MSP, MSV, GI, Q, R","Hellenistic, Medieval",,,,pending_review,
201,lusby-traditional-0201,Naturaleza de los planetas (Luna),Nature of the Planets (Moon),Duration of Rule 2,Sun,15 Cancer,Moon,Pendiente/no aplicable: ver reglas,Pendiente/no aplicable: ver reglas,,SB,"GI, JZ, Q","Medieval, Mundane",,,,unsupported_operand,El PDF muestra ⓘ pero no contiene el texto emergente ni anotaciones con su contenido. No se reconstruyó la nota web. | 15 Cancer: Convención de grado ordinal frente a longitud desde cero no explicitada en el PDF; no convertir automáticamente.
202,lusby-traditional-0202,Naturaleza de los planetas (Sol),Nature of the Planets (Sun),Duration of Rule 1,Moon,15 Leo,Sun,Pendiente/no aplicable: ver reglas,Pendiente/no aplicable: ver reglas,,SB,"GI, JZ, Q","Medieval, Mundane",,,,unsupported_operand,El PDF muestra ⓘ pero no contiene el texto emergente ni anotaciones con su contenido. No se reconstruyó la nota web. | 15 Leo: Convención de grado ordinal frente a longitud desde cero no explicitada en el PDF; no convertir automáticamente.
203,lusby-traditional-0203,Navegación (helenística),Navigation (Hellenistic),,Asc,15 Cancer,Saturn,Pendiente/no aplicable: ver reglas,Pendiente/no aplicable: ver reglas,reverse,MSL,"GI, Q, R",Hellenistic,,,,unsupported_operand,15 Cancer: Convención de grado ordinal frente a longitud desde cero no explicitada en el PDF; no convertir automáticamente.
204,lusby-traditional-0204,Navegación (medieval),Navigation (Medieval),,Asc,29 Cancer,Saturn,Pendiente/no aplicable: ver reglas,Pendiente/no aplicable: ver reglas,reverse,MSL,"MSP, MSV",Medieval,,,,unsupported_operand,29 Cancer: Convención de grado ordinal frente a longitud desde cero no explicitada en el PDF; no convertir automáticamente.
205,lusby-traditional-0205,Necesidad (Firmicus),Necessity (Firmicus),,Asc,Spirit,Fortune,normalizar360(Asc + Spirit − Fortune),normalizar360(Asc + Fortune − Spirit),reverse,FM,,Hellenistic,,,,pending_review,
206,lusby-traditional-0206,Necesidad (hermética),Necessity (Hermetic),,Asc,Fortune,Mercury,normalizar360(Asc + Fortune − Mercury),normalizar360(Asc + Mercury − Fortune),reverse,PA,"O2, MSL, MSP, MSV","Hellenistic, Medieval",,,,pending_review,La categoría Hermetic no figura en esta fila; “Hermetic” aparece en el nombre. No se agregó a las categorías originales.
207,lusby-traditional-0207,Necesidad (persa),Necessity (Persian),,Asc,Mercury,Eros (Valens),Pendiente/no aplicable: ver reglas,Pendiente/no aplicable: ver reglas,reverse (LJ),LJ,GI,Medieval,,,,conditional,Regla nocturna especial: reverse (LJ). Requiere seleccionar y validar su alcance antes de producir una fórmula operativa.
208,lusby-traditional-0208,Necesidad (Valens),Necessity (Valens),Poverty & Middling Wit,Asc,Fortune,Spirit,normalizar360(Asc + Fortune − Spirit),normalizar360(Asc + Spirit − Fortune),reverse,VV,"FM, GI, Q","Hellenistic, Medieval",,,,pending_review,El PDF muestra ⓘ pero no contiene el texto emergente ni anotaciones con su contenido. No se reconstruyó la nota web.
209,lusby-traditional-0209,Necesidad e impedimento de las necesidades (egipcio),Necessity & Hindering of Needs (Egyptian),,Asc,3rd,Mars,normalizar360(Asc + 3rd − Mars),normalizar360(Asc + 3rd − Mars),,GI,,Medieval,,,,pending_review,
210,lusby-traditional-0210,Necesidad y deseo,Need & Desire,,Mercury,Mars,Saturn,normalizar360(Mercury + Mars − Saturn),normalizar360(Mercury + Mars − Saturn),,GI,,Medieval,,,,pending_review,
211,lusby-traditional-0211,Némesis,Nemesis,Divine Punishment; The Heavy One,Asc,Fortune,Saturn,normalizar360(Asc + Fortune − Saturn),normalizar360(Asc + Saturn − Fortune),reverse,PA,"O2, MSL, MSP, MSV, GI, Q, R","Hellenistic, Medieval, Hermetic",,,,pending_review,El PDF muestra ⓘ pero no contiene el texto emergente ni anotaciones con su contenido. No se reconstruyó la nota web.
212,lusby-traditional-0212,Némesis (Firmicus),Nemesis (Firmicus),,Asc,Fortune,Moon,normalizar360(Asc + Fortune − Moon),normalizar360(Asc + Moon − Fortune),reverse,FM,,Hellenistic,,,,pending_review,
213,lusby-traditional-0213,Lugar nocivo,Noxious Place,Accusation; Crisis-Producing Place; Burdensome Place,Asc,Mars,Saturn,normalizar360(Asc + Mars − Saturn),normalizar360(Asc + Saturn − Mars),reverse,VV,"RE, O2, TE, GI","Hellenistic, Medieval",,,,pending_review,El PDF muestra ⓘ pero no contiene el texto emergente ni anotaciones con su contenido. No se reconstruyó la nota web.
214,lusby-traditional-0214,Lugar nocivo (variante),Noxious Place (alternative),Accusation; Crisis-Producing Place,Mercury,Mars,Saturn,normalizar360(Mercury + Mars − Saturn),normalizar360(Mercury + Saturn − Mars),reverse,TE,MSL,"Hellenistic, Medieval",,,,pending_review,El PDF muestra ⓘ pero no contiene el texto emergente ni anotaciones con su contenido. No se reconstruyó la nota web.
215,lusby-traditional-0215,Número de hermanos,Number of Siblings,,Asc,Saturn,Mercury,normalizar360(Asc + Saturn − Mercury),normalizar360(Asc + Saturn − Mercury),,GI,R,Medieval,,,,pending_review,
216,lusby-traditional-0216,Frutos secos (al-Bīrūnī),Nuts (al-Bīrūnī),,Asc,Venus,Mars,normalizar360(Asc + Venus − Mars),normalizar360(Asc + Mars − Venus),reverse,B,,"Medieval, Commodity",,,,pending_review,
217,lusby-traditional-0217,Frutos secos (al-Qabīṣī; latín),Nuts (al-Qabīṣī Latin),,Asc,Mars,Mercury,normalizar360(Asc + Mars − Mercury),normalizar360(Asc + Mars − Mercury),,QL,GB,"Medieval, Commodity",,,,pending_review,
218,lusby-traditional-0218,Cargo,Office,,Asc,10th,Ruler 10th,normalizar360(Asc + 10th − Ruler 10th),normalizar360(Asc + 10th − Ruler 10th),,LJ,,Medieval,,,,pending_review,
219,lusby-traditional-0219,Cargo y ejecución de órdenes,Office & Carrying Out Orders,,MC,Saturn,Sun,normalizar360(MC + Saturn − Sun),normalizar360(MC + Saturn − Sun),,UT,,"Medieval, Weather",,,,pending_review,
220,lusby-traditional-0220,Cargo y rey,Office & King,Work and Authority,Asc,MC,Jupiter,normalizar360(Asc + MC − Jupiter),normalizar360(Asc + MC − Jupiter),,UT,R,"Medieval, Horary",,,,pending_review,El PDF muestra ⓘ pero no contiene el texto emergente ni anotaciones con su contenido. No se reconstruyó la nota web.
221,lusby-traditional-0221,Aceite,Oil,,Asc,Moon,Mars,normalizar360(Asc + Moon − Mars),normalizar360(Asc + Mars − Moon),reverse,B,,"Medieval, Commodity",,,,pending_review,
222,lusby-traditional-0222,Aceitunas,Olives,,Asc,Moon,Mercury,Pendiente/no aplicable: ver reglas,Pendiente/no aplicable: ver reglas,reverse (B),Q,"B, BW, GB","Medieval, Commodity",,,,conditional,Regla nocturna especial: reverse (B). Requiere seleccionar y validar su alcance antes de producir una fórmula operativa.
223,lusby-traditional-0223,Cebollas,Onions,,Asc,Mars,Saturn,Pendiente/no aplicable: ver reglas,Pendiente/no aplicable: ver reglas,reverse (B),QL,"B, GB","Medieval, Commodity",,,,conditional,Regla nocturna especial: reverse (B). Requiere seleccionar y validar su alcance antes de producir una fórmula operativa.
224,lusby-traditional-0224,Oportunidad,Opportunity,,Asc,Sun,Saturn,normalizar360(Asc + Sun − Saturn),normalizar360(Asc + Saturn − Sun),reverse,O1,,Hellenistic,Sí,,1B,dubious,Dub.: fórmula dudosa o fuentes conflictivas según la compilación; desactivada por defecto.
225,lusby-traditional-0225,Resultados,Outcomes,Urgent Wish,MC,Ruler Asc,Lord of Hour,Pendiente/no aplicable: ver reglas,Pendiente/no aplicable: ver reglas,,UT,B,"Medieval, Horary",,,,unsupported_operand,El PDF muestra ⓘ pero no contiene el texto emergente ni anotaciones con su contenido. No se reconstruyó la nota web. | Lord of Hour: El proyecto no dispone todavía de un cálculo validado de horas planetarias.
226,lusby-traditional-0226,Desenlaces de los asuntos,Outcomes of Affairs,,Asc,Ruler Syzygy,Saturn,Pendiente/no aplicable: ver reglas,Pendiente/no aplicable: ver reglas,,GI,,Medieval,,,,unsupported_operand,Ruler Syzygy: Falta resolver la sizigia y confirmar el criterio de regencia de la fuente.
227,lusby-traditional-0227,Padres,Parents,,Asc,Moon,Sun,normalizar360(Asc + Moon − Sun),normalizar360(Asc + Sun − Moon),reverse,O1,,Hellenistic,,,,pending_review,
228,lusby-traditional-0228,Paz entre soldados,Peace Among Soldiers,Concord,Asc,Mercury,Moon,normalizar360(Asc + Mercury − Moon),normalizar360(Asc + Mercury − Moon),,UT,"Q, B, R","Medieval, Horary, Mundane",,,,pending_review,El PDF muestra ⓘ pero no contiene el texto emergente ni anotaciones con su contenido. No se reconstruyó la nota web.
229,lusby-traditional-0229,Plenitud y abundancia de bienes en el hogar,Plenty & Abundance of Good in Home,,Asc,Mercury,Moon,normalizar360(Asc + Mercury − Moon),normalizar360(Asc + Mercury − Moon),,GI,,Medieval,,,,pending_review,
230,lusby-traditional-0230,Venenos,Poisons,,Asc,Saturn,North Node,normalizar360(Asc + Saturn − North Node),normalizar360(Asc + Saturn − North Node),,Q,"BW, GB","Medieval, Commodity",,,,pending_review,
231,lusby-traditional-0231,Poder,Power,,Asc,Saturn,Sun,normalizar360(Asc + Saturn − Sun),normalizar360(Asc + Sun − Saturn),reverse,FM,,Hellenistic,,,,pending_review,
232,lusby-traditional-0232,Prisioneros (día),Prisoners (Day),,Asc,Sun,Ruler Sun,Pendiente/no aplicable: ver reglas,Pendiente/no aplicable: ver reglas,,GI,,Medieval,,,,conditional,Condición indicada en el nombre; conservar y revisar por separado de la columna nocturna.
233,lusby-traditional-0233,Prisioneros (noche),Prisoners (Night),,Asc,Moon,Ruler Moon,Pendiente/no aplicable: ver reglas,Pendiente/no aplicable: ver reglas,,GI,,Medieval,,,,conditional,Condición indicada en el nombre; conservar y revisar por separado de la columna nocturna.
234,lusby-traditional-0234,Prosperidad,Prosperity,Peace-Making,Asc,Dsc,Sun,normalizar360(Asc + Dsc − Sun),normalizar360(Asc + Dsc − Sun),,RD,"B, R","Medieval, Mundane",,,,pending_review,El PDF muestra ⓘ pero no contiene el texto emergente ni anotaciones con su contenido. No se reconstruyó la nota web.
235,lusby-traditional-0235,Legumbres,Pulse,,Asc,Mercury,Venus,normalizar360(Asc + Mercury − Venus),normalizar360(Asc + Venus − Mercury),reverse,B,,"Medieval, Commodity",,,,pending_review,
236,lusby-traditional-0236,Alimentos picantes,Pungent/Spicy Foods,,Asc,Saturn,Mars,Pendiente/no aplicable: ver reglas,Pendiente/no aplicable: ver reglas,reverse (B),Q,"B, BW, GB","Medieval, Commodity",,,,conditional,Regla nocturna especial: reverse (B). Requiere seleccionar y validar su alcance antes de producir una fórmula operativa.
237,lusby-traditional-0237,Castigo (helenístico),Punishment (Hellenistic),Justice,Asc,Saturn,Mercury,normalizar360(Asc + Saturn − Mercury),normalizar360(Asc + Mercury − Saturn),reverse,MSL,,Hellenistic,,,,pending_review,El PDF muestra ⓘ pero no contiene el texto emergente ni anotaciones con su contenido. No se reconstruyó la nota web.
238,lusby-traditional-0238,Castigo (medieval),Punishment (Medieval),Recompense,Asc,Sun,Mars,normalizar360(Asc + Sun − Mars),normalizar360(Asc + Mars − Sun),reverse,GI,,Medieval,,,,pending_review,El PDF muestra ⓘ pero no contiene el texto emergente ni anotaciones con su contenido. No se reconstruyó la nota web.
239,lusby-traditional-0239,Compra 1A,Purchase 1A,,Asc,Mercury,Venus,normalizar360(Asc + Mercury − Venus),normalizar360(Asc + Venus − Mercury),reverse,O1,,Hellenistic,,,,pending_review,
240,lusby-traditional-0240,Compra 1B,Purchase 1B,,Asc,Venus,Mercury,normalizar360(Asc + Venus − Mercury),normalizar360(Asc + Mercury − Venus),reverse,MSP,"MSV, MSR",Hellenistic,,,,pending_review,
241,lusby-traditional-0241,Compra 2A,Purchase 2A,,Asc,Venus,Mars,normalizar360(Asc + Venus − Mars),normalizar360(Asc + Mars − Venus),reverse,O2,,Hellenistic,,,,pending_review,
242,lusby-traditional-0242,Compra 2B,Purchase 2B,,Asc,Mars,Venus,normalizar360(Asc + Mars − Venus),normalizar360(Asc + Venus − Mars),reverse,O1,,Hellenistic,Sí,,1B,dubious,Dub.: fórmula dudosa o fuentes conflictivas según la compilación; desactivada por defecto.
243,lusby-traditional-0243,Medicinas purgantes y saladas,Purgative & Salty Medicines,,Asc,Moon,Mars,normalizar360(Asc + Moon − Mars),normalizar360(Asc + Moon − Mars),,Q,"BW, GB","Medieval, Commodity",,,,pending_review,
244,lusby-traditional-0244,Medicinas purgantes y ácidas,Purgative & Sour Medicines,,Asc,Jupiter,Saturn,Pendiente/no aplicable: ver reglas,Pendiente/no aplicable: ver reglas,reverse (B),Q,"B, BW, GB","Medieval, Commodity",,,,conditional,Regla nocturna especial: reverse (B). Requiere seleccionar y validar su alcance antes de producir una fórmula operativa.
245,lusby-traditional-0245,Medicinas purgantes y dulces,Purgative & Sweet Medicines,,Asc,Moon,Sun,normalizar360(Asc + Moon − Sun),normalizar360(Asc + Moon − Sun),,Q,GB,"Medieval, Commodity",,,,pending_review,
246,lusby-traditional-0246,Purgantes (al-Bīrūnī),Purgatives (al-Bīrūnī),,Asc,Saturn,Mercury,normalizar360(Asc + Saturn − Mercury),normalizar360(Asc + Mercury − Saturn),reverse,B,,"Medieval, Commodity",Sí,,,dubious,Dub.: fórmula dudosa o fuentes conflictivas según la compilación; desactivada por defecto.
247,lusby-traditional-0247,Lluvia (anual),Rain (Annual),Consideration Concerning Revolution of the Year,Sun,Venus,Moon,normalizar360(Sun + Venus − Moon),normalizar360(Sun + Moon − Venus),reverse,SH,"B, Q","Medieval, Weather",,,,pending_review,El PDF muestra ⓘ pero no contiene el texto emergente ni anotaciones con su contenido. No se reconstruyó la nota web.
248,lusby-traditional-0248,Lluvia (Ibn Ezra),Rain (Ibn Ezra),,Asc,Moon,New Moon,Pendiente/no aplicable: ver reglas,Pendiente/no aplicable: ver reglas,reverse,BW,,"Medieval, Weather",,,,unsupported_operand,New Moon: Falta determinar el evento de referencia y calcular su longitud.
249,lusby-traditional-0249,Bienes inmuebles (al-Ṭabarī),Real Estate (al-Ṭabarī),,4th,Saturn,Ruler 4th,normalizar360(4th + Saturn − Ruler 4th),normalizar360(4th + Ruler 4th − Saturn),reverse,UT,R,"Medieval, Horary",,,,pending_review,El PDF muestra ⓘ pero no contiene el texto emergente ni anotaciones con su contenido. No se reconstruyó la nota web.
250,lusby-traditional-0250,Bienes inmuebles (Hermes),Real Estate (Hermes),,Asc,Moon,Saturn,normalizar360(Asc + Moon − Saturn),normalizar360(Asc + Moon − Saturn),,GI,"Q, R",Medieval,,,,pending_review,
251,lusby-traditional-0251,Bienes inmuebles (persa),Real Estate (Persian),,Asc,Jupiter,Mercury,normalizar360(Asc + Jupiter − Mercury),normalizar360(Asc + Mercury − Jupiter),reverse,GI,,Medieval,,,,pending_review,
252,lusby-traditional-0252,Razón y profundidad de pensamiento,Reason & Depth of Thought,Deep Knowledge,Asc,Moon,Saturn,normalizar360(Asc + Moon − Saturn),normalizar360(Asc + Saturn − Moon),reverse,GI,Q,Medieval,,,,pending_review,El PDF muestra ⓘ pero no contiene el texto emergente ni anotaciones con su contenido. No se reconstruyó la nota web.
253,lusby-traditional-0253,Liberador,Releaser,,Asc,Moon,Syzygy,Pendiente/no aplicable: ver reglas,Pendiente/no aplicable: ver reglas,,VV,"GI, Q, R",Hellenistic,,,,unsupported_operand,Syzygy: Falta determinar el evento de referencia y calcular su longitud.
254,lusby-traditional-0254,Religión/piedad,Religion/Piety,,Asc,Mercury,Moon,normalizar360(Asc + Mercury − Moon),normalizar360(Asc + Moon − Mercury),reverse,GI,"Q, R",Medieval,,,,pending_review,
255,lusby-traditional-0255,Recompensa 1,Reward 1,,Asc,Jupiter,Saturn,normalizar360(Asc + Jupiter − Saturn),normalizar360(Asc + Saturn − Jupiter),reverse,O1,"MSL, MSP, MSV",Hellenistic,,,,pending_review,
256,lusby-traditional-0256,Recompensa 2A,Reward 2A,,Asc,Venus,Mercury,normalizar360(Asc + Venus − Mercury),normalizar360(Asc + Mercury − Venus),reverse,O2,MSV,Hellenistic,,Sí,,multiple_sources,Mult.: confirmada en múltiples fuentes según la compilación; no equivale a una comprobación nueva de los textos originales.
257,lusby-traditional-0257,Recompensa 2B,Reward 2B,,Asc,Mercury,Venus,normalizar360(Asc + Mercury − Venus),normalizar360(Asc + Venus − Mercury),reverse,MSL,,Hellenistic,Sí,,,dubious,Dub.: fórmula dudosa o fuentes conflictivas según la compilación; desactivada por defecto.
258,lusby-traditional-0258,Recompensa 3,Reward 3,,Asc,IC,Ruler IC,normalizar360(Asc + IC − Ruler IC),normalizar360(Asc + IC − Ruler IC),,MSV,,Hellenistic,,,,pending_review,
259,lusby-traditional-0259,Arroz,Rice,,Asc,Saturn,Jupiter,Pendiente/no aplicable: ver reglas,Pendiente/no aplicable: ver reglas,reverse (B),Q,"B, BW, GB","Medieval, Commodity",,,,conditional,Regla nocturna especial: reverse (B). Requiere seleccionar y validar su alcance antes de producir una fórmula operativa.
260,lusby-traditional-0260,Arroz y mijo,Rice & Millet,,Asc,Venus,Jupiter,normalizar360(Asc + Venus − Jupiter),normalizar360(Asc + Jupiter − Venus),reverse,B,,"Medieval, Commodity",,,,pending_review,
261,lusby-traditional-0261,Lote real (al-Ṭabarī),Royal Lot (al-Ṭabarī),,Mars,Jupiter,Sun,Pendiente/no aplicable: ver reglas,Pendiente/no aplicable: ver reglas,reverse (if Jupiter is stronger),UT,,"Medieval, Horary",,,,conditional,Regla nocturna especial: reverse (if Jupiter is stronger). Requiere seleccionar y validar su alcance antes de producir una fórmula operativa.
262,lusby-traditional-0262,Lote real (Theophilus),Royal Lot (Theophilus),,MC,Moon,Sun,normalizar360(MC + Moon − Sun),normalizar360(MC + Moon − Sun),,TE,,"Medieval, Mundane",,,,pending_review,
263,lusby-traditional-0263,Gobierno y autoridad 1,Rulership & Authority 1,,Asc,Moon,Mars,normalizar360(Asc + Moon − Mars),normalizar360(Asc + Mars − Moon),reverse,GI,"Q, R","Hellenistic, Medieval",,,,pending_review,
264,lusby-traditional-0264,Gobierno y autoridad 2,Rulership & Authority 2,,Jupiter,MC,MC of Sun,Pendiente/no aplicable: ver reglas,Pendiente/no aplicable: ver reglas,,RD,"Q, B, BW","Medieval, Mundane",,,,unsupported_operand,MC of Sun: Operando sin definición operativa en el PDF; requiere revisión.
265,lusby-traditional-0265,Gobierno 1,Rulership 1,,Asc,Venus,Jupiter,normalizar360(Asc + Venus − Jupiter),normalizar360(Asc + Jupiter − Venus),reverse,O1,"MSP, MSV",Hellenistic,,,,pending_review,
266,lusby-traditional-0266,Gobierno 2,Rulership 2,,Asc,Venus,Saturn,normalizar360(Asc + Venus − Saturn),normalizar360(Asc + Saturn − Venus),reverse,MSP,"MSR, MSV",Hellenistic,Sí,,,dubious,Dub.: fórmula dudosa o fuentes conflictivas según la compilación; desactivada por defecto.
267,lusby-traditional-0267,Rumores,Rumors,,Sun,Ruler Asc,Lord of Hour,Pendiente/no aplicable: ver reglas,Pendiente/no aplicable: ver reglas,,PD,HC,"Medieval, Horary",,,,unsupported_operand,Lord of Hour: El proyecto no dispone todavía de un cálculo validado de horas planetarias.
268,lusby-traditional-0268,"Rumores, verdaderos o falsos","Rumors, True or False",,Asc,Moon,Mercury,Pendiente/no aplicable: ver reglas,Pendiente/no aplicable: ver reglas,"reverse (GI, RB)",GI,"Q, B","Medieval, Horary",,,,pending_review,"Códigos sin entrada inequívoca en Sources: RB. No se expandieron por suposición. | Regla nocturna especial: reverse (GI, RB). Requiere seleccionar y validar su alcance antes de producir una fórmula operativa."
269,lusby-traditional-0269,Venta 1,Sale 1,,Asc,Moon,Mercury,normalizar360(Asc + Moon − Mercury),normalizar360(Asc + Mercury − Moon),reverse,O1,"MSL, MSP, MSV",Hellenistic,,,,pending_review,
270,lusby-traditional-0270,Venta 2,Sale 2,,Asc,Mars,Venus,normalizar360(Asc + Mars − Venus),normalizar360(Asc + Venus − Mars),reverse,O2,"MSR, MSP, MSV",Hellenistic,,,,pending_review,
271,lusby-traditional-0271,Sal,Salt,,Asc,Mars,Moon,normalizar360(Asc + Mars − Moon),normalizar360(Asc + Moon − Mars),reverse,B,,"Medieval, Commodity",,,,pending_review,
272,lusby-traditional-0272,Cosas saladas,Salty Things,,Asc,Moon,Mars,normalizar360(Asc + Moon − Mars),normalizar360(Asc + Moon − Mars),,QL,GB,"Medieval, Commodity",,,,pending_review,
273,lusby-traditional-0273,Secretos,Secrets,,Asc,10th,Ruler Asc,normalizar360(Asc + 10th − Ruler Asc),normalizar360(Asc + 10th − Ruler Asc),,B,,"Medieval, Horary",,,,pending_review,
274,lusby-traditional-0274,Sésamo 1,Sesame 1,,Asc,Jupiter,Saturn,normalizar360(Asc + Jupiter − Saturn),normalizar360(Asc + Jupiter − Saturn),,Q,GB,"Medieval, Commodity",,,,pending_review,
275,lusby-traditional-0275,Sésamo 2,Sesame 2,,Asc,Venus,Saturn,normalizar360(Asc + Venus − Saturn),normalizar360(Asc + Venus − Saturn),,Q,B,"Medieval, Commodity",,,,pending_review,
276,lusby-traditional-0276,Propiedad de barcos,Ship-Owning,,Asc,Mercury,Saturn,normalizar360(Asc + Mercury − Saturn),normalizar360(Asc + Saturn − Mercury),reverse,O1,"MSP, MSV",Hellenistic,,,,pending_review,
277,lusby-traditional-0277,Hermanos,Siblings,Brothers,Asc,Jupiter,Saturn,Pendiente/no aplicable: ver reglas,Pendiente/no aplicable: ver reglas,"reverse (VV, FM, M)",DS,"VV, PA, FM, O2, MSL, MSP, MSV, BA, SB, GI, Q, R","Hellenistic, Medieval",,,,pending_review,"Códigos sin entrada inequívoca en Sources: M. No se expandieron por suposición. | Regla nocturna especial: reverse (VV, FM, M). Requiere seleccionar y validar su alcance antes de producir una fórmula operativa."
278,lusby-traditional-0278,Hermanos (Firmicus),Siblings (Firmicus),,Asc,Sun,Mercury,normalizar360(Asc + Sun − Mercury),normalizar360(Asc + Sun − Mercury),,FM,,Hellenistic,,,,pending_review,
279,lusby-traditional-0279,Hermanos (persa),Siblings (Persian),,Asc,Mars,Ruler Asc,normalizar360(Asc + Mars − Ruler Asc),normalizar360(Asc + Mars − Ruler Asc),,JZ,,Medieval,,,,pending_review,
280,lusby-traditional-0280,Seda,Silk,,Asc,Venus,Mercury,Pendiente/no aplicable: ver reglas,Pendiente/no aplicable: ver reglas,reverse (B),B,GB,"Medieval, Commodity",,,,conditional,Regla nocturna especial: reverse (B). Requiere seleccionar y validar su alcance antes de producir una fórmula operativa.
281,lusby-traditional-0281,Hermanas,Sisters,Death of the Mother (Latin),Asc,Saturn,Venus,normalizar360(Asc + Saturn − Venus),normalizar360(Asc + Venus − Saturn),reverse,Q,,Medieval,Sí,,,dubious,Dub.: fórmula dudosa o fuentes conflictivas según la compilación; desactivada por defecto.
282,lusby-traditional-0282,Hermanos (cantidad),Sliblings (Number),,Asc,Jupiter,Mercury,normalizar360(Asc + Jupiter − Mercury),normalizar360(Asc + Jupiter − Mercury),,DS,"BA, SB, GI","Hellenistic, Medieval",,,,pending_review,"Se conserva el nombre inglés del documento, incluidas sus grafías; la traducción es editorial y revisable."
283,lusby-traditional-0283,Soldados y policías,Soldiers & Policemen,Soldiers & Conscription,Asc,Saturn,Mars,normalizar360(Asc + Saturn − Mars),normalizar360(Asc + Mars − Saturn),reverse,GI,,Medieval,,,,pending_review,El PDF muestra ⓘ pero no contiene el texto emergente ni anotaciones con su contenido. No se reconstruyó la nota web.
284,lusby-traditional-0284,Yernos,Sons-in-Law,In-Laws,Asc,Venus,Saturn,normalizar360(Asc + Venus − Saturn),normalizar360(Asc + Venus − Saturn),,GI,,Medieval,,,,pending_review,El PDF muestra ⓘ pero no contiene el texto emergente ni anotaciones con su contenido. No se reconstruyó la nota web.
285,lusby-traditional-0285,Libertad del alma,Soul's Freedom,,Asc,Sun,Mercury,normalizar360(Asc + Sun − Mercury),normalizar360(Asc + Mercury − Sun),reverse,GI,,Medieval,,,,pending_review,
286,lusby-traditional-0286,Alimentos ácidos,Sour Foods,,Asc,Mars,Saturn,normalizar360(Asc + Mars − Saturn),normalizar360(Asc + Mars − Saturn),,Q,"BW, GB","Medieval, Commodity",,,,pending_review,
287,lusby-traditional-0287,Siembra,Sowing,Conception,Asc,Mars,Sun,normalizar360(Asc + Mars − Sun),normalizar360(Asc + Sun − Mars),reverse,MSL,,Hellenistic,,,,pending_review,El PDF muestra ⓘ pero no contiene el texto emergente ni anotaciones con su contenido. No se reconstruyó la nota web.
288,lusby-traditional-0288,Espíritu,Spirit,Daimon; Fate; The Hidden,Asc,Sun,Moon,normalizar360(Asc + Sun − Moon),normalizar360(Asc + Moon − Sun),reverse,VV,"VV, FM, PA, O2, MSL, MSP, MSV, SB, GI, Q, R","Hellenistic, Medieval",,,,pending_review,El PDF muestra ⓘ pero no contiene el texto emergente ni anotaciones con su contenido. No se reconstruyó la nota web. | La fuente primaria se repite también como secundaria en el PDF; se conserva sin eliminarla.
289,lusby-traditional-0289,Fuerza,Strength,,Asc,MC,Sun,normalizar360(Asc + MC − Sun),normalizar360(Asc + Sun − MC),reverse,O2,"MSP, MSV",Hellenistic,,,,pending_review,
290,lusby-traditional-0290,Fuerza del cuerpo,Strength of the Body,,Asc,Jupiter,Moon,normalizar360(Asc + Jupiter − Moon),normalizar360(Asc + Jupiter − Moon),,FM,,Hellenistic,,,,pending_review,
291,lusby-traditional-0291,Sustancia y posesiones,Substance and Possessions,,Asc,Jupiter,Mercury,normalizar360(Asc + Jupiter − Mercury),normalizar360(Asc + Jupiter − Mercury),,FM,,Hellenistic,,,,pending_review,
292,lusby-traditional-0292,Éxito,Success,,Asc,Jupiter,Fortune,normalizar360(Asc + Jupiter − Fortune),normalizar360(Asc + Fortune − Jupiter),reverse,GI,B,"Medieval, Mundane",,,,pending_review,
293,lusby-traditional-0293,Desenlace favorable,Successful Issue,,Asc,Jupiter,Sun,normalizar360(Asc + Jupiter − Sun),normalizar360(Asc + Jupiter − Sun),,B,,"Medieval, Horary",,,,pending_review,
294,lusby-traditional-0294,Sufrimiento,Suffering,,Asc,Fortune,Spirit,normalizar360(Asc + Fortune − Spirit),normalizar360(Asc + Fortune − Spirit),,GI,,Medieval,,,,pending_review,
295,lusby-traditional-0295,Azúcar (al-Bīrūnī),Sugar (al-Bīrūnī),,Asc,Mercury,Venus,normalizar360(Asc + Mercury − Venus),normalizar360(Asc + Venus − Mercury),reverse,B,,"Medieval, Commodity",,,,pending_review,
296,lusby-traditional-0296,Azúcar (al-Qabīṣī; latín),Sugar (al-Qabīṣī Latin),,Asc,Venus,Mercury,normalizar360(Asc + Venus − Mercury),normalizar360(Asc + Venus − Mercury),,QL,GB,"Medieval, Commodity",,,,pending_review,
297,lusby-traditional-0297,Alimentos dulces,Sweet Foods,,Asc,Venus,Sun,Pendiente/no aplicable: ver reglas,Pendiente/no aplicable: ver reglas,reverse (B),Q,"B, BW, GB","Medieval, Commodity",,,,conditional,Regla nocturna especial: reverse (B). Requiere seleccionar y validar su alcance antes de producir una fórmula operativa.
298,lusby-traditional-0298,"Relatos, conocimiento de rumores y supersticiones","Tales, Knowledge of Rumors & Superstiations",,Asc,Jupiter,Sun,normalizar360(Asc + Jupiter − Sun),normalizar360(Asc + Sun − Jupiter),reverse,GI,,Medieval,,,,pending_review,"Se conserva el nombre inglés del documento, incluidas sus grafías; la traducción es editorial y revisable."
299,lusby-traditional-0299,El acreedor,The Creditor,,Asc,Mercury,Saturn,normalizar360(Asc + Mercury − Saturn),normalizar360(Asc + Mercury − Saturn),,MSL,,Hellenistic,,,,pending_review,
300,lusby-traditional-0300,El fugitivo,The Fugitive,,Asc,Mars,Mercury,normalizar360(Asc + Mars − Mercury),normalizar360(Asc + Mercury − Mars),reverse,MSL,"MSP, MSV",Hellenistic,,,,pending_review,
301,lusby-traditional-0301,El marido,The Husband,,Asc,Venus,Mars,normalizar360(Asc + Venus − Mars),normalizar360(Asc + Mars − Venus),reverse,FM,,Hellenistic,,,,pending_review,
302,lusby-traditional-0302,El rey (Theophilus),The King (Theophilus),,Cancer,Leo,Moon,Pendiente/no aplicable: ver reglas,Pendiente/no aplicable: ver reglas,,TE,,"Medieval, Mundane",,,,unsupported_operand,El PDF muestra ⓘ pero no contiene el texto emergente ni anotaciones con su contenido. No se reconstruyó la nota web. | Cancer: Signo sin grado: no sustituir por 0° ni por su regente. | Leo: Signo sin grado: no sustituir por 0° ni por su regente.
303,lusby-traditional-0303,El amo,The Master,,Asc,Sun,Venus,Pendiente/no aplicable: ver reglas,Pendiente/no aplicable: ver reglas,"reverse (MSP, MSV)",MSL,"MSP, MSV",Hellenistic,,,,conditional,"Regla nocturna especial: reverse (MSP, MSV). Requiere seleccionar y validar su alcance antes de producir una fórmula operativa."
304,lusby-traditional-0304,El mes,The Month,,Leo,Cancer,Sun,Pendiente/no aplicable: ver reglas,Pendiente/no aplicable: ver reglas,,TE,,"Medieval, Mundane",,,,unsupported_operand,El PDF muestra ⓘ pero no contiene el texto emergente ni anotaciones con su contenido. No se reconstruyó la nota web. | Leo: Signo sin grado: no sustituir por 0° ni por su regente. | Cancer: Signo sin grado: no sustituir por 0° ni por su regente.
305,lusby-traditional-0305,Los elogiados y recomendados,The Praised & Commended,,Asc,Venus,Jupiter,normalizar360(Asc + Venus − Jupiter),normalizar360(Asc + Jupiter − Venus),reverse,GI,,Medieval,,,,pending_review,
306,lusby-traditional-0306,Robo (Olympiodorus),Theft (Olympiodorus),Thieves,Asc,Mars,Mercury,normalizar360(Asc + Mars − Mercury),normalizar360(Asc + Mercury − Mars),reverse,O1,"O2, MSP, MSV",Hellenistic,,,,pending_review,
307,lusby-traditional-0307,Robo (Valens),Theft (Valens),,Saturn,Mars,Mercury,normalizar360(Saturn + Mars − Mercury),normalizar360(Saturn + Mercury − Mars),reverse,VV,,Hellenistic,,,,pending_review,
308,lusby-traditional-0308,Los honrados y conocidos entre la gente,Those Honored & Known Among Peopl,,Asc,Sun,Mercury,normalizar360(Asc + Sun − Mercury),normalizar360(Asc + Sun − Mercury),,GI,,Medieval,,,,pending_review,"Se conserva el nombre inglés del documento, incluidas sus grafías; la traducción es editorial y revisable."
309,lusby-traditional-0309,Los elevados repentinamente,Those Suddenly Elevated,,Asc,Fortune,Saturn,normalizar360(Asc + Fortune − Saturn),normalizar360(Asc + Saturn − Fortune),reverse,GI,,Medieval,,,,pending_review,
310,lusby-traditional-0310,Momento de actuar,Time for Action,Time of Dignity,Asc,Jupiter,Sun,normalizar360(Asc + Jupiter − Sun),normalizar360(Asc + Jupiter − Sun),,B,R,"Medieval, Horary",,,,pending_review,El PDF muestra ⓘ pero no contiene el texto emergente ni anotaciones con su contenido. No se reconstruyó la nota web.
311,lusby-traditional-0311,Tiempo ocupado por la acción,Time Occupied by Action,,Asc,Saturn,Sun,normalizar360(Asc + Saturn − Sun),normalizar360(Asc + Saturn − Sun),,B,,"Medieval, Horary",,,,pending_review,
312,lusby-traditional-0312,Momento de la consecución,Time of Attainment,,Asc,Ruler 10th,Lord of Hour,Pendiente/no aplicable: ver reglas,Pendiente/no aplicable: ver reglas,reverse,B,,"Medieval, Horary",Sí,,,dubious,Dub.: fórmula dudosa o fuentes conflictivas según la compilación; desactivada por defecto. | Lord of Hour: El proyecto no dispone todavía de un cálculo validado de horas planetarias.
313,lusby-traditional-0313,Momento de los hijos,Time of Children,,Asc,Jupiter,Mars,normalizar360(Asc + Jupiter − Mars),normalizar360(Asc + Jupiter − Mars),,DS,"SB, GI, Q, R","Hellenistic, Medieval",,,,pending_review,
314,lusby-traditional-0314,Tortura,Torture,,6th,Saturn,Moon,normalizar360(6th + Saturn − Moon),normalizar360(6th + Saturn − Moon),,UT,B,"Medieval, Horary",,,,pending_review,
315,lusby-traditional-0315,Viajes,Travel,Living Abroad,Asc,9th,Ruler 9th,normalizar360(Asc + 9th − Ruler 9th),normalizar360(Asc + 9th − Ruler 9th),,MSL,"BA, SB, GI, Q, R","Hellenistic, Medieval",,,,pending_review,El PDF muestra ⓘ pero no contiene el texto emergente ni anotaciones con su contenido. No se reconstruyó la nota web.
316,lusby-traditional-0316,Viajes (Firmicus),Travel (Firmicus),Living Abroad,Asc,Mars,Sun,Pendiente/no aplicable: ver reglas,Pendiente/no aplicable: ver reglas,"reverse (O1, MSL, MSP, MSV)",FM,"O2, MSL, MSP, MSV","Hellenistic, Medieval",,,,conditional,"El PDF muestra ⓘ pero no contiene el texto emergente ni anotaciones con su contenido. No se reconstruyó la nota web. | Regla nocturna especial: reverse (O1, MSL, MSP, MSV). Requiere seleccionar y validar su alcance antes de producir una fórmula operativa."
317,lusby-traditional-0317,Cosas subterráneas A,Underground Things A,Properties,Asc,Saturn,Venus,Pendiente/no aplicable: ver reglas,Pendiente/no aplicable: ver reglas,"reverse (MSP, MSV)",O2,"MSL, MSP, MSV",Hellenistic,,Sí,2A,conditional,"Mult.: confirmada en múltiples fuentes según la compilación; no equivale a una comprobación nueva de los textos originales. | El PDF muestra ⓘ pero no contiene el texto emergente ni anotaciones con su contenido. No se reconstruyó la nota web. | Regla nocturna especial: reverse (MSP, MSV). Requiere seleccionar y validar su alcance antes de producir una fórmula operativa."
318,lusby-traditional-0318,Cosas subterráneas B,Underground Things B,Properties,Asc,Mars,Venus,normalizar360(Asc + Mars − Venus),normalizar360(Asc + Venus − Mars),reverse,O2,,Hellenistic,Sí,,"2B, 2L",dubious,Dub.: fórmula dudosa o fuentes conflictivas según la compilación; desactivada por defecto. | El PDF muestra ⓘ pero no contiene el texto emergente ni anotaciones con su contenido. No se reconstruyó la nota web.
319,lusby-traditional-0319,Cosas subterráneas C,Underground Things C,Properties,Asc,Venus,Mars,normalizar360(Asc + Venus − Mars),normalizar360(Asc + Mars − Venus),reverse,O1,,Hellenistic,Sí,,1B,dubious,Dub.: fórmula dudosa o fuentes conflictivas según la compilación; desactivada por defecto. | El PDF muestra ⓘ pero no contiene el texto emergente ni anotaciones con su contenido. No se reconstruyó la nota web.
320,lusby-traditional-0320,Victoria,Victory,Prosperity & Aid,Asc,Jupiter,Spirit,normalizar360(Asc + Jupiter − Spirit),normalizar360(Asc + Spirit − Jupiter),reverse,PA,"O2, MSL, MSP, MSV, GI, RD, Q, R","Hellenistic, Medieval, Hermetic, Mundane",,,,pending_review,El PDF muestra ⓘ pero no contiene el texto emergente ni anotaciones con su contenido. No se reconstruyó la nota web. | La fila incluye Mundane. Se mantiene la categoría aunque este lote forma parte de la selección inicial solicitada; confirmar uso natal antes de activarlo en ese contexto.
321,lusby-traditional-0321,Victoria (Olympiodorus),Victory (Olympiodorus),,Asc,Mars,Venus,normalizar360(Asc + Mars − Venus),normalizar360(Asc + Venus − Mars),reverse,O1,,Hellenistic,,,,pending_review,
322,lusby-traditional-0322,Guerra (al-Ṭabarī),War (al-Ṭabarī),,Asc,Moon,Mars,normalizar360(Asc + Moon − Mars),normalizar360(Asc + Moon − Mars),,UT,B,"Medieval, Horary",,,,pending_review,
323,lusby-traditional-0323,Agua (mercancía),Water (Commodity),,Asc,Venus,Moon,Pendiente/no aplicable: ver reglas,Pendiente/no aplicable: ver reglas,reverse (B),Q,"B, BW, GB","Medieval, Commodity",,,,conditional,Regla nocturna especial: reverse (B). Requiere seleccionar y validar su alcance antes de producir una fórmula operativa.
324,lusby-traditional-0324,Agua (elemento),Water (Element),,Asc,Venus,Moon,normalizar360(Asc + Venus − Moon),normalizar360(Asc + Venus − Moon),,B,,"Medieval, Weather",,,,pending_review,
325,lusby-traditional-0325,Sandías (al-Bīrūnī),Watermelons (al-Bīrūnī),,Asc,Mercury,Jupiter,normalizar360(Asc + Mercury − Jupiter),normalizar360(Asc + Jupiter − Mercury),reverse,B,,"Medieval, Commodity",,,,pending_review,
326,lusby-traditional-0326,Aguas,Waters,,Asc,Saturn,Venus,normalizar360(Asc + Saturn − Venus),normalizar360(Asc + Venus − Saturn),reverse,O2,,Hellenistic,,,,pending_review,
327,lusby-traditional-0327,Riqueza A,Wealth A,,Asc,Sun,Jupiter,normalizar360(Asc + Sun − Jupiter),normalizar360(Asc + Jupiter − Sun),reverse,O2,"MSP, MSV",Hellenistic,,Sí,,multiple_sources,Mult.: confirmada en múltiples fuentes según la compilación; no equivale a una comprobación nueva de los textos originales.
328,lusby-traditional-0328,Riqueza B,Wealth B,,Asc,Sun,Saturn,normalizar360(Asc + Sun − Saturn),normalizar360(Asc + Saturn − Sun),reverse,MSL,,Hellenistic,Sí,,,dubious,Dub.: fórmula dudosa o fuentes conflictivas según la compilación; desactivada por defecto.
329,lusby-traditional-0329,Boda,Wedding,Arrangement and Facilitation of Marriage,Venus,Moon,Sun,normalizar360(Venus + Moon − Sun),normalizar360(Venus + Moon − Sun),,DS,"SB, GI","Hellenistic, Medieval",,,,pending_review,El PDF muestra ⓘ pero no contiene el texto emergente ni anotaciones con su contenido. No se reconstruyó la nota web.
330,lusby-traditional-0330,Trigo,Wheat,,Asc,Mars,Sun,normalizar360(Asc + Mars − Sun),normalizar360(Asc + Mars − Sun),,Q,"BW, GB","Medieval, Commodity",,,,pending_review,
331,lusby-traditional-0331,Trigo (al-Bīrūnī),Wheat (al-Bīrūnī),,Asc,Jupiter,Sun,normalizar360(Asc + Jupiter − Sun),normalizar360(Asc + Sun − Jupiter),reverse,B,,"Medieval, Commodity",,,,pending_review,
332,lusby-traditional-0332,Si llegará a concretarse el gobierno de alguien,Whether Someone's Rule Will Come to Pass,,Jupiter,MC,Sun,normalizar360(Jupiter + MC − Sun),normalizar360(Jupiter + MC − Sun),,Q,R,"Medieval, Mundane",,,,pending_review,
333,lusby-traditional-0333,Abstinencia de la mujer,Woman's Abstinence,,Asc,Venus,Moon,normalizar360(Asc + Venus − Moon),normalizar360(Asc + Venus − Moon),,GI,,Medieval,,,,pending_review,
334,lusby-traditional-0334,Obra de la verdad,Work of Truth,,Asc,Mars,Mercury,normalizar360(Asc + Mars − Mercury),normalizar360(Asc + Mercury − Mars),reverse,GI,,Medieval,,,,pending_review,
335,lusby-traditional-0335,Trabajo que debe hacerse,Work Which Must be Done,,Asc,Jupiter,Sun,normalizar360(Asc + Jupiter − Sun),normalizar360(Asc + Sun − Jupiter),reverse,GI,,Medieval,,,,pending_review,
